"","","","","","","","","","","Freq"
0,0,0,0,0,0,0,0,0,50,119
0,0,0,0,0,0,0,0,0,51,118
0,0,0,0,0,0,0,0,0,52,91
0,0,0,0,0,0,0,0,0,53,37
0,0,0,0,0,0,0,0,0,54,15
0,0,0,0,0,0,0,0,0,55,3
0,0,0,0,0,0,0,0,0,56,2
0,0,0,0,0,0,0,0,0,57,2
0,0,0,0,0,0,0,0,0,58,1
0,0,0,0,0,0,0,0,0,59,1
0,0,0,0,0,0,0,0,0,61,1
0,0,0,0,0,0,0,0,1,49,14
0,0,0,0,0,0,0,0,1,50,15
0,0,0,0,0,0,0,0,1,51,10
0,0,0,0,0,0,0,0,1,52,2
0,0,0,0,0,0,0,0,1,53,1
0,0,0,0,0,0,0,0,1,54,2
0,0,0,0,0,0,0,0,2,51,1
0,0,0,0,0,0,0,0,3,48,1
0,0,0,0,0,0,0,0,4,46,1
0,0,0,0,0,0,0,0,42,8,1
0,0,0,0,0,0,0,0,44,6,1
0,0,0,0,0,0,0,0,48,2,2
0,0,0,0,0,0,0,0,48,6,1
0,0,0,0,0,0,0,0,49,1,21
0,0,0,0,0,0,0,0,49,2,4
0,0,0,0,0,0,0,0,50,0,92
0,0,0,0,0,0,0,0,50,1,19
0,0,0,0,0,0,0,0,50,2,1
0,0,0,0,0,0,0,0,51,0,132
0,0,0,0,0,0,0,0,51,1,15
0,0,0,0,0,0,0,0,52,0,74
0,0,0,0,0,0,0,0,52,1,5
0,0,0,0,0,0,0,0,53,0,33
0,0,0,0,0,0,0,0,53,1,1
0,0,0,0,0,0,0,0,54,0,10
0,0,0,0,0,0,0,0,55,0,4
0,0,0,0,0,0,0,0,55,3,1
0,0,0,0,0,0,0,0,56,0,2
0,0,0,0,0,0,0,0,56,1,1
0,0,0,0,0,0,0,0,57,1,2
0,0,0,0,0,0,0,0,58,0,3
0,0,0,0,0,0,0,0,59,0,1
0,0,0,0,0,0,0,0,60,0,1
0,0,0,0,0,0,0,1,0,49,5
0,0,0,0,0,0,0,1,0,50,9
0,0,0,0,0,0,0,1,0,51,2
0,0,0,0,0,0,0,1,0,52,4
0,0,0,0,0,0,0,1,0,54,1
0,0,0,0,0,0,0,1,1,49,2
0,0,0,0,0,0,0,1,1,50,1
0,0,0,0,0,0,0,1,1,51,2
0,0,0,0,0,0,0,1,49,0,3
0,0,0,0,0,0,0,1,49,2,1
0,0,0,0,0,0,0,1,50,0,3
0,0,0,0,0,0,0,1,51,0,3
0,0,0,0,0,0,0,1,52,0,4
0,0,0,0,0,0,0,1,56,0,1
0,0,0,0,0,0,0,49,0,1,11
0,0,0,0,0,0,0,49,1,0,4
0,0,0,0,0,0,0,50,0,0,159
0,0,0,0,0,0,0,50,0,1,10
0,0,0,0,0,0,0,50,1,0,3
0,0,0,0,0,0,0,51,0,0,153
0,0,0,0,0,0,0,51,0,1,4
0,0,0,0,0,0,0,51,1,0,5
0,0,0,0,0,0,0,52,0,0,93
0,0,0,0,0,0,0,52,0,1,2
0,0,0,0,0,0,0,52,0,2,1
0,0,0,0,0,0,0,52,1,0,1
0,0,0,0,0,0,0,53,0,0,54
0,0,0,0,0,0,0,53,0,1,2
0,0,0,0,0,0,0,53,1,0,1
0,0,0,0,0,0,0,54,0,0,19
0,0,0,0,0,0,0,55,0,0,6
0,0,0,0,0,0,0,55,0,1,2
0,0,0,0,0,0,0,56,0,0,1
0,0,0,0,0,0,0,57,0,0,4
0,0,0,0,0,0,0,58,0,0,3
0,0,0,0,0,0,0,59,0,0,2
0,0,0,0,0,0,1,0,0,49,4
0,0,0,0,0,0,1,0,0,50,2
0,0,0,0,0,0,1,0,0,51,1
0,0,0,0,0,0,1,0,0,52,2
0,0,0,0,0,0,1,0,0,53,1
0,0,0,0,0,0,1,0,0,58,1
0,0,0,0,0,0,1,0,1,49,2
0,0,0,0,0,0,1,0,46,3,1
0,0,0,0,0,0,1,0,48,1,1
0,0,0,0,0,0,1,0,49,0,8
0,0,0,0,0,0,1,0,49,1,1
0,0,0,0,0,0,1,0,50,0,4
0,0,0,0,0,0,1,0,50,1,2
0,0,0,0,0,0,1,0,51,0,1
0,0,0,0,0,0,1,0,52,0,1
0,0,0,0,0,0,1,0,53,0,1
0,0,0,0,0,0,1,1,0,48,1
0,0,0,0,0,0,1,1,0,52,1
0,0,0,0,0,0,1,1,49,0,1
0,0,0,0,0,0,1,49,0,0,3
0,0,0,0,0,0,1,50,0,0,5
0,0,0,0,0,0,1,51,0,0,1
0,0,0,0,0,0,1,52,0,0,4
0,0,0,0,0,0,2,0,51,0,2
0,0,0,0,0,0,48,0,2,0,1
0,0,0,0,0,0,48,1,0,1,1
0,0,0,0,0,0,49,0,0,1,3
0,0,0,0,0,0,49,0,1,0,3
0,0,0,0,0,0,49,1,0,0,6
0,0,0,0,0,0,49,1,0,1,1
0,0,0,0,0,0,49,2,0,0,1
0,0,0,0,0,0,50,0,0,0,128
0,0,0,0,0,0,50,0,0,1,3
0,0,0,0,0,0,50,0,1,0,6
0,0,0,0,0,0,50,1,0,0,8
0,0,0,0,0,0,50,1,0,1,2
0,0,0,0,0,0,51,0,0,0,131
0,0,0,0,0,0,51,0,0,1,3
0,0,0,0,0,0,51,0,1,0,5
0,0,0,0,0,0,51,1,0,0,2
0,0,0,0,0,0,52,0,0,0,80
0,0,0,0,0,0,52,0,0,1,1
0,0,0,0,0,0,53,0,0,0,41
0,0,0,0,0,0,53,0,1,0,1
0,0,0,0,0,0,54,0,0,0,9
0,0,0,0,0,0,55,0,0,0,3
0,0,0,0,0,0,57,0,0,0,2
0,0,0,0,0,0,57,1,0,0,1
0,0,0,0,0,0,58,0,0,0,2
0,0,0,0,0,1,0,0,0,49,4
0,0,0,0,0,1,0,0,0,50,6
0,0,0,0,0,1,0,0,0,51,5
0,0,0,0,0,1,0,0,0,52,2
0,0,0,0,0,1,0,0,0,57,2
0,0,0,0,0,1,0,0,4,46,1
0,0,0,0,0,1,0,0,49,0,1
0,0,0,0,0,1,0,0,50,0,6
0,0,0,0,0,1,0,0,50,1,1
0,0,0,0,0,1,0,0,51,0,3
0,0,0,0,0,1,0,1,0,49,1
0,0,0,0,0,1,0,48,0,1,3
0,0,0,0,0,1,0,49,0,0,11
0,0,0,0,0,1,0,49,1,0,2
0,0,0,0,0,1,0,50,0,0,15
0,0,0,0,0,1,0,51,0,0,8
0,0,0,0,0,1,0,52,0,0,3
0,0,0,0,0,1,0,55,0,0,1
0,0,0,0,0,1,0,56,0,0,1
0,0,0,0,0,1,0,58,0,0,1
0,0,0,0,0,1,1,0,0,48,1
0,0,0,0,0,1,1,0,45,5,1
0,0,0,0,0,1,1,0,49,1,1
0,0,0,0,0,1,1,48,0,0,1
0,0,0,0,0,1,48,0,0,1,1
0,0,0,0,0,1,49,0,0,0,13
0,0,0,0,0,1,50,0,0,0,7
0,0,0,0,0,1,50,0,0,1,1
0,0,0,0,0,1,51,0,0,0,10
0,0,0,0,0,1,51,0,1,0,1
0,0,0,0,0,1,51,1,0,0,2
0,0,0,0,0,1,52,0,0,0,9
0,0,0,0,0,1,54,0,0,0,1
0,0,0,0,0,1,54,0,0,1,1
0,0,0,0,0,1,55,0,0,0,1
0,0,0,0,0,1,56,0,0,0,1
0,0,0,0,0,10,0,41,0,0,1
0,0,0,0,0,15,0,35,0,0,1
0,0,0,0,0,2,0,0,0,53,1
0,0,0,0,0,2,0,0,48,0,1
0,0,0,0,0,2,0,48,0,0,3
0,0,0,0,0,2,0,49,0,0,4
0,0,0,0,0,2,0,51,0,0,1
0,0,0,0,0,2,48,0,0,0,1
0,0,0,0,0,2,49,0,0,0,1
0,0,0,0,0,3,0,47,0,0,1
0,0,0,0,0,3,47,0,0,1,1
0,0,0,0,0,4,0,47,0,0,2
0,0,0,0,0,45,0,8,0,0,1
0,0,0,0,0,47,1,2,0,0,1
0,0,0,0,0,48,1,0,1,0,1
0,0,0,0,0,48,1,1,0,0,1
0,0,0,0,0,48,2,0,0,0,1
0,0,0,0,0,49,0,0,0,1,4
0,0,0,0,0,49,0,0,1,0,6
0,0,0,0,0,49,0,0,1,1,1
0,0,0,0,0,49,0,0,2,0,1
0,0,0,0,0,49,0,1,0,0,13
0,0,0,0,0,49,1,0,0,0,7
0,0,0,0,0,49,1,1,0,0,1
0,0,0,0,0,49,2,0,0,0,1
0,0,0,0,0,5,47,0,0,0,1
0,0,0,0,0,5,48,0,0,0,1
0,0,0,0,0,50,0,0,0,0,88
0,0,0,0,0,50,0,0,0,1,1
0,0,0,0,0,50,0,0,1,0,4
0,0,0,0,0,50,0,0,1,1,1
0,0,0,0,0,50,0,1,0,0,11
0,0,0,0,0,50,1,0,0,0,7
0,0,0,0,0,50,1,1,0,0,2
0,0,0,0,0,50,2,0,0,0,1
0,0,0,0,0,51,0,0,0,0,119
0,0,0,0,0,51,0,0,0,1,2
0,0,0,0,0,51,0,0,1,0,5
0,0,0,0,0,51,0,1,0,0,6
0,0,0,0,0,51,1,0,0,0,5
0,0,0,0,0,51,2,0,0,0,1
0,0,0,0,0,52,0,0,0,0,65
0,0,0,0,0,52,0,0,0,1,1
0,0,0,0,0,52,0,0,1,0,1
0,0,0,0,0,52,0,1,0,0,1
0,0,0,0,0,52,1,0,0,0,2
0,0,0,0,0,53,0,0,0,0,36
0,0,0,0,0,53,0,0,1,0,3
0,0,0,0,0,53,1,0,0,0,1
0,0,0,0,0,54,0,0,0,0,19
0,0,0,0,0,54,0,0,0,1,1
0,0,0,0,0,55,0,0,0,0,2
0,0,0,0,0,56,0,0,0,0,2
0,0,0,0,0,56,0,0,1,0,1
0,0,0,0,0,57,0,0,0,0,1
0,0,0,0,0,57,1,0,0,0,1
0,0,0,0,0,58,0,0,0,0,4
0,0,0,0,0,59,0,0,0,1,1
0,0,0,0,0,59,0,1,0,0,1
0,0,0,0,0,6,0,44,0,0,1
0,0,0,0,0,6,0,47,0,0,1
0,0,0,0,0,61,0,0,0,0,1
0,0,0,0,0,63,0,0,0,0,1
0,0,0,0,0,7,42,0,1,0,1
0,0,0,0,0,8,0,45,0,1,1
0,0,0,0,0,9,0,43,0,0,1
0,0,0,0,1,0,0,0,0,49,8
0,0,0,0,1,0,0,0,0,50,8
0,0,0,0,1,0,0,0,0,51,4
0,0,0,0,1,0,0,0,0,52,1
0,0,0,0,1,0,0,0,1,49,1
0,0,0,0,1,0,0,0,44,5,1
0,0,0,0,1,0,0,0,48,1,2
0,0,0,0,1,0,0,0,49,0,8
0,0,0,0,1,0,0,0,50,0,7
0,0,0,0,1,0,0,0,51,0,7
0,0,0,0,1,0,0,0,52,0,1
0,0,0,0,1,0,0,0,56,0,1
0,0,0,0,1,0,0,0,58,0,1
0,0,0,0,1,0,0,1,49,0,1
0,0,0,0,1,0,0,48,0,1,1
0,0,0,0,1,0,0,49,0,0,30
0,0,0,0,1,0,0,49,0,1,1
0,0,0,0,1,0,0,50,0,0,48
0,0,0,0,1,0,0,50,0,1,1
0,0,0,0,1,0,0,51,0,0,23
0,0,0,0,1,0,0,51,0,1,1
0,0,0,0,1,0,0,51,1,0,1
0,0,0,0,1,0,0,52,0,0,12
0,0,0,0,1,0,0,53,0,0,3
0,0,0,0,1,0,0,54,0,0,3
0,0,0,0,1,0,0,55,0,0,1
0,0,0,0,1,0,0,56,0,0,1
0,0,0,0,1,0,0,57,0,0,1
0,0,0,0,1,0,0,58,0,0,1
0,0,0,0,1,0,1,0,0,50,1
0,0,0,0,1,0,1,48,0,0,1
0,0,0,0,1,0,1,50,0,0,2
0,0,0,0,1,0,2,48,0,0,1
0,0,0,0,1,0,48,1,0,0,4
0,0,0,0,1,0,49,0,0,0,8
0,0,0,0,1,0,5,0,45,0,1
0,0,0,0,1,0,50,0,0,0,15
0,0,0,0,1,0,51,0,0,0,10
0,0,0,0,1,0,52,0,0,0,5
0,0,0,0,1,0,53,0,0,0,1
0,0,0,0,1,0,57,0,0,0,1
0,0,0,0,1,0,58,0,0,0,1
0,0,0,0,1,1,0,47,0,1,1
0,0,0,0,1,1,0,48,0,0,10
0,0,0,0,1,1,0,48,0,1,1
0,0,0,0,1,1,0,48,1,0,1
0,0,0,0,1,1,0,49,0,0,5
0,0,0,0,1,1,0,49,1,0,1
0,0,0,0,1,1,0,50,0,0,2
0,0,0,0,1,1,0,51,0,0,1
0,0,0,0,1,1,0,53,0,0,1
0,0,0,0,1,1,48,0,0,0,1
0,0,0,0,1,1,50,0,0,0,1
0,0,0,0,1,1,51,0,0,0,1
0,0,0,0,1,2,0,46,0,1,1
0,0,0,0,1,2,0,48,0,0,1
0,0,0,0,1,3,0,47,0,0,1
0,0,0,0,1,46,0,3,0,0,1
0,0,0,0,1,47,0,1,1,0,1
0,0,0,0,1,48,0,0,1,0,1
0,0,0,0,1,48,1,0,0,0,2
0,0,0,0,1,48,2,0,0,0,1
0,0,0,0,1,49,0,0,0,0,9
0,0,0,0,1,49,0,1,0,0,1
0,0,0,0,1,49,1,0,0,0,1
0,0,0,0,1,49,1,1,0,1,1
0,0,0,0,1,5,0,45,0,0,1
0,0,0,0,1,50,0,0,0,0,11
0,0,0,0,1,50,0,1,0,0,1
0,0,0,0,1,50,1,0,0,0,2
0,0,0,0,1,51,0,0,0,0,8
0,0,0,0,1,51,0,0,0,1,1
0,0,0,0,1,52,0,0,0,0,3
0,0,0,0,1,53,0,0,0,0,1
0,0,0,0,12,1,0,38,0,0,1
0,0,0,0,12,1,0,40,0,0,1
0,0,0,0,13,0,0,37,0,0,1
0,0,0,0,13,33,0,4,0,0,1
0,0,0,0,14,35,0,0,1,0,1
0,0,0,0,14,36,0,1,0,0,1
0,0,0,0,15,1,0,34,0,1,1
0,0,0,0,18,0,0,33,0,0,1
0,0,0,0,19,0,0,34,0,0,1
0,0,0,0,2,0,0,48,0,0,5
0,0,0,0,2,0,0,48,0,2,1
0,0,0,0,2,0,0,49,0,0,5
0,0,0,0,2,0,0,50,0,0,5
0,0,0,0,2,0,0,50,0,1,1
0,0,0,0,2,0,0,53,0,2,1
0,0,0,0,2,0,1,49,0,0,3
0,0,0,0,2,0,47,0,1,0,1
0,0,0,0,2,0,48,0,0,0,3
0,0,0,0,2,0,49,0,0,0,2
0,0,0,0,2,0,50,1,0,0,1
0,0,0,0,2,1,0,47,0,0,1
0,0,0,0,2,1,0,48,0,0,2
0,0,0,0,2,1,1,47,1,0,1
0,0,0,0,2,11,0,38,0,0,1
0,0,0,0,2,2,0,47,0,0,1
0,0,0,0,2,3,0,46,0,0,1
0,0,0,0,2,45,1,2,0,0,1
0,0,0,0,2,47,0,2,0,0,1
0,0,0,0,2,48,0,0,0,0,1
0,0,0,0,2,48,1,0,0,0,1
0,0,0,0,2,49,1,0,0,0,1
0,0,0,0,20,0,0,30,0,0,1
0,0,0,0,21,9,1,19,1,0,1
0,0,0,0,23,0,0,29,0,0,1
0,0,0,0,23,1,1,26,0,0,1
0,0,0,0,24,0,0,28,0,0,1
0,0,0,0,24,2,0,26,0,0,1
0,0,0,0,25,0,0,26,0,0,1
0,0,0,0,27,0,0,23,0,0,1
0,0,0,0,27,21,0,3,0,0,1
0,0,0,0,27,5,0,20,0,0,1
0,0,0,0,28,1,0,23,0,0,1
0,0,0,0,29,0,0,21,0,0,1
0,0,0,0,3,0,0,47,0,0,1
0,0,0,0,3,0,0,48,0,0,2
0,0,0,0,3,0,0,49,0,0,2
0,0,0,0,3,0,48,0,0,0,1
0,0,0,0,3,2,0,45,1,0,1
0,0,0,0,3,3,0,44,0,1,1
0,0,0,0,3,46,1,1,0,0,1
0,0,0,0,3,5,43,1,0,0,1
0,0,0,0,3,7,0,40,0,0,1
0,0,0,0,30,1,0,20,0,0,1
0,0,0,0,31,6,0,14,0,0,1
0,0,0,0,33,1,0,15,1,0,1
0,0,0,0,33,1,2,16,0,0,1
0,0,0,0,33,12,0,6,0,0,1
0,0,0,0,34,1,0,15,1,0,1
0,0,0,0,34,4,0,12,0,1,1
0,0,0,0,34,9,0,7,0,1,1
0,0,0,0,36,0,0,15,0,0,1
0,0,0,0,36,1,0,13,0,0,1
0,0,0,0,36,13,0,3,0,0,1
0,0,0,0,37,0,0,13,0,0,1
0,0,0,0,37,0,0,14,0,0,1
0,0,0,0,37,2,0,11,0,0,1
0,0,0,0,38,0,0,13,0,0,1
0,0,0,0,38,0,0,14,0,0,1
0,0,0,0,38,7,0,6,0,0,1
0,0,0,0,39,0,0,11,0,0,1
0,0,0,0,39,3,0,8,0,0,1
0,0,0,0,39,4,0,8,0,0,1
0,0,0,0,39,7,0,4,0,0,1
0,0,0,0,4,0,0,49,0,1,1
0,0,0,0,4,1,0,49,1,0,1
0,0,0,0,40,0,0,11,0,0,1
0,0,0,0,40,1,0,10,0,0,1
0,0,0,0,40,1,0,11,0,0,3
0,0,0,0,40,11,0,0,0,0,1
0,0,0,0,40,3,0,8,0,0,1
0,0,0,0,41,0,0,8,0,1,1
0,0,0,0,41,0,9,0,0,0,1
0,0,0,0,41,4,0,5,0,1,1
0,0,0,0,41,4,0,6,0,0,1
0,0,0,0,41,7,1,2,0,0,1
0,0,0,0,42,0,0,9,0,0,1
0,0,0,0,42,1,0,7,0,0,1
0,0,0,0,42,2,0,8,0,0,1
0,0,0,0,42,3,0,6,0,0,1
0,0,0,0,42,5,1,1,0,1,1
0,0,0,0,42,8,1,0,0,0,1
0,0,0,0,43,0,0,11,0,0,1
0,0,0,0,43,0,0,8,0,0,1
0,0,0,0,43,0,0,8,1,0,1
0,0,0,0,43,0,0,9,0,0,1
0,0,0,0,43,5,0,2,0,0,1
0,0,0,0,44,0,0,6,0,0,2
0,0,0,0,44,1,1,6,0,0,1
0,0,0,0,44,3,0,4,0,0,1
0,0,0,0,44,5,0,1,0,0,1
0,0,0,0,44,6,0,0,0,0,1
0,0,0,0,44,6,1,0,0,0,1
0,0,0,0,44,7,0,0,0,0,1
0,0,0,0,45,0,0,5,0,0,1
0,0,0,0,45,0,0,6,0,0,2
0,0,0,0,45,1,0,4,1,0,1
0,0,0,0,45,1,0,5,0,0,1
0,0,0,0,45,1,0,6,0,0,1
0,0,0,0,45,1,0,8,0,0,1
0,0,0,0,45,2,0,3,0,0,1
0,0,0,0,45,2,0,4,0,0,1
0,0,0,0,45,2,1,2,0,1,1
0,0,0,0,45,3,1,1,1,0,1
0,0,0,0,45,4,0,2,0,0,1
0,0,0,0,45,6,0,0,0,0,1
0,0,0,0,46,0,0,4,0,0,7
0,0,0,0,46,0,0,5,0,0,1
0,0,0,0,46,0,0,6,0,0,1
0,0,0,0,46,0,5,1,0,0,1
0,0,0,0,46,1,0,6,0,0,1
0,0,0,0,46,2,1,2,0,0,1
0,0,0,0,46,4,0,0,0,0,1
0,0,0,0,46,4,0,1,0,0,2
0,0,0,0,47,0,0,2,1,0,1
0,0,0,0,47,0,0,3,0,0,3
0,0,0,0,47,0,0,4,0,0,3
0,0,0,0,47,0,0,4,0,1,1
0,0,0,0,47,0,2,3,0,0,1
0,0,0,0,47,1,0,1,2,0,1
0,0,0,0,47,1,0,2,0,0,3
0,0,0,0,47,1,0,2,0,1,2
0,0,0,0,47,1,0,3,0,0,2
0,0,0,0,47,1,1,1,0,0,1
0,0,0,0,47,2,0,1,0,0,1
0,0,0,0,47,2,0,2,0,0,1
0,0,0,0,47,2,0,3,0,0,1
0,0,0,0,47,3,0,0,0,0,1
0,0,0,0,47,4,0,0,0,0,1
0,0,0,0,48,0,0,1,1,0,2
0,0,0,0,48,0,0,2,0,0,7
0,0,0,0,48,0,0,2,0,1,1
0,0,0,0,48,0,0,3,0,0,3
0,0,0,0,48,0,0,4,0,0,3
0,0,0,0,48,0,0,5,0,0,1
0,0,0,0,48,0,1,0,0,1,1
0,0,0,0,48,0,1,1,0,0,3
0,0,0,0,48,0,2,0,0,0,1
0,0,0,0,48,0,2,0,1,0,1
0,0,0,0,48,0,2,1,0,0,1
0,0,0,0,48,0,3,0,0,0,2
0,0,0,0,48,1,0,0,0,1,1
0,0,0,0,48,1,0,1,0,0,3
0,0,0,0,48,1,0,2,0,0,3
0,0,0,0,48,1,0,3,0,0,1
0,0,0,0,48,1,0,4,0,0,1
0,0,0,0,48,1,1,2,0,0,1
0,0,0,0,48,1,2,0,0,0,2
0,0,0,0,48,2,0,0,0,0,4
0,0,0,0,48,2,0,1,0,1,1
0,0,0,0,48,2,1,0,0,0,1
0,0,0,0,48,3,0,0,0,0,1
0,0,0,0,48,3,0,0,0,1,1
0,0,0,0,48,3,0,2,0,0,1
0,0,0,0,48,4,0,0,0,0,3
0,0,0,0,49,0,0,0,0,1,2
0,0,0,0,49,0,0,0,1,0,1
0,0,0,0,49,0,0,1,0,0,18
0,0,0,0,49,0,0,1,0,1,1
0,0,0,0,49,0,0,1,1,0,1
0,0,0,0,49,0,0,2,0,0,7
0,0,0,0,49,0,0,3,0,0,2
0,0,0,0,49,0,0,4,0,0,1
0,0,0,0,49,0,1,1,0,0,4
0,0,0,0,49,0,2,0,0,0,2
0,0,0,0,49,1,0,0,0,0,12
0,0,0,0,49,1,0,0,0,1,2
0,0,0,0,49,1,0,0,1,0,1
0,0,0,0,49,1,0,1,0,0,4
0,0,0,0,49,1,0,2,0,0,1
0,0,0,0,49,1,1,1,0,0,1
0,0,0,0,49,2,0,0,0,0,1
0,0,0,0,49,2,0,1,0,0,3
0,0,0,0,49,3,0,0,0,0,1
0,0,0,0,5,0,45,0,0,0,1
0,0,0,0,5,5,0,41,0,0,1
0,0,0,0,5,5,0,44,0,0,1
0,0,0,0,50,0,0,0,0,0,60
0,0,0,0,50,0,0,0,0,1,2
0,0,0,0,50,0,0,0,1,0,3
0,0,0,0,50,0,0,1,0,0,25
0,0,0,0,50,0,0,1,0,1,1
0,0,0,0,50,0,0,2,0,0,8
0,0,0,0,50,0,0,3,0,0,3
0,0,0,0,50,0,1,0,0,0,7
0,0,0,0,50,0,1,1,0,0,3
0,0,0,0,50,0,2,0,0,0,1
0,0,0,0,50,1,0,0,0,0,8
0,0,0,0,50,1,0,0,0,1,1
0,0,0,0,50,1,0,1,0,0,7
0,0,0,0,50,1,0,2,0,0,1
0,0,0,0,50,1,0,3,0,0,1
0,0,0,0,50,2,0,0,0,0,1
0,0,0,0,50,2,0,1,1,0,1
0,0,0,0,50,2,0,2,0,0,1
0,0,0,0,51,0,0,0,0,0,70
0,0,0,0,51,0,0,0,0,1,1
0,0,0,0,51,0,0,0,1,0,3
0,0,0,0,51,0,0,0,1,1,1
0,0,0,0,51,0,0,1,0,0,24
0,0,0,0,51,0,0,1,1,0,1
0,0,0,0,51,0,0,2,0,0,2
0,0,0,0,51,0,1,0,0,0,3
0,0,0,0,51,1,0,0,0,0,7
0,0,0,0,51,1,1,0,0,0,1
0,0,0,0,51,2,0,0,0,0,1
0,0,0,0,52,0,0,0,0,0,53
0,0,0,0,52,0,0,0,1,0,1
0,0,0,0,52,0,0,1,0,0,12
0,0,0,0,52,0,1,0,0,0,2
0,0,0,0,52,1,0,0,0,0,4
0,0,0,0,52,1,0,1,0,0,3
0,0,0,0,53,0,0,0,0,0,24
0,0,0,0,53,0,0,1,0,0,3
0,0,0,0,53,1,0,0,0,0,2
0,0,0,0,54,0,0,0,0,0,7
0,0,0,0,54,1,0,0,0,0,1
0,0,0,0,55,0,1,1,0,0,1
0,0,0,0,56,0,0,2,0,0,1
0,0,0,0,57,0,0,0,0,0,2
0,0,0,0,57,0,0,2,0,0,1
0,0,0,0,58,0,0,0,0,0,3
0,0,0,0,6,0,0,45,0,0,1
0,0,0,0,6,2,0,42,0,0,1
0,0,0,0,6,2,42,1,0,0,1
0,0,0,0,6,3,0,43,0,0,1
0,0,0,0,6,45,0,1,0,0,1
0,0,0,0,6,5,0,43,0,0,1
0,0,0,0,61,0,0,0,0,0,1
0,0,0,0,7,0,0,44,0,0,1
0,0,0,0,7,1,0,43,0,0,1
0,0,0,0,9,3,0,39,0,0,1
0,0,0,1,0,0,0,0,0,49,4
0,0,0,1,0,0,0,0,0,50,8
0,0,0,1,0,0,0,0,0,51,2
0,0,0,1,0,0,0,0,0,53,1
0,0,0,1,0,0,0,0,1,49,1
0,0,0,1,0,0,0,0,1,51,2
0,0,0,1,0,0,0,0,1,55,1
0,0,0,1,0,0,0,0,49,0,4
0,0,0,1,0,0,0,0,49,1,2
0,0,0,1,0,0,0,0,49,2,1
0,0,0,1,0,0,0,0,50,0,5
0,0,0,1,0,0,0,0,51,0,10
0,0,0,1,0,0,0,0,51,1,1
0,0,0,1,0,0,0,0,53,0,2
0,0,0,1,0,0,0,49,0,0,9
0,0,0,1,0,0,0,49,1,0,1
0,0,0,1,0,0,0,50,0,0,9
0,0,0,1,0,0,0,51,0,0,4
0,0,0,1,0,0,0,52,0,0,7
0,0,0,1,0,0,0,56,0,0,1
0,0,0,1,0,0,1,0,49,0,1
0,0,0,1,0,0,1,0,50,0,1
0,0,0,1,0,0,48,0,0,1,1
0,0,0,1,0,0,48,1,0,0,1
0,0,0,1,0,0,49,0,0,0,10
0,0,0,1,0,0,49,0,0,1,1
0,0,0,1,0,0,50,0,0,0,15
0,0,0,1,0,0,50,1,0,0,1
0,0,0,1,0,0,51,0,0,0,13
0,0,0,1,0,0,51,0,0,1,1
0,0,0,1,0,0,52,0,0,0,5
0,0,0,1,0,0,53,0,0,0,4
0,0,0,1,0,0,56,0,0,0,2
0,0,0,1,0,0,58,0,0,0,1
0,0,0,1,0,1,0,0,0,48,1
0,0,0,1,0,1,0,0,48,0,1
0,0,0,1,0,1,0,0,50,0,1
0,0,0,1,0,1,0,48,0,0,1
0,0,0,1,0,1,0,53,0,0,1
0,0,0,1,0,1,48,0,0,0,6
0,0,0,1,0,1,49,0,0,0,3
0,0,0,1,0,1,50,0,0,0,2
0,0,0,1,0,1,51,0,0,0,2
0,0,0,1,0,1,56,0,0,0,1
0,0,0,1,0,14,0,36,0,0,1
0,0,0,1,0,3,46,0,0,0,1
0,0,0,1,0,44,6,0,0,0,1
0,0,0,1,0,45,3,0,1,0,1
0,0,0,1,0,48,0,0,0,1,4
0,0,0,1,0,48,0,0,1,0,1
0,0,0,1,0,48,0,2,0,0,1
0,0,0,1,0,48,1,0,0,0,2
0,0,0,1,0,48,1,1,0,0,1
0,0,0,1,0,49,0,0,0,0,28
0,0,0,1,0,49,0,0,1,0,1
0,0,0,1,0,49,0,1,0,0,3
0,0,0,1,0,49,1,0,0,0,4
0,0,0,1,0,49,1,1,0,0,1
0,0,0,1,0,50,0,0,0,0,35
0,0,0,1,0,50,0,1,0,0,3
0,0,0,1,0,50,1,0,0,0,1
0,0,0,1,0,50,1,1,0,0,1
0,0,0,1,0,51,0,0,0,0,26
0,0,0,1,0,52,0,0,0,0,10
0,0,0,1,0,52,0,0,0,1,1
0,0,0,1,0,52,1,0,0,0,1
0,0,0,1,0,53,0,0,0,0,2
0,0,0,1,0,53,0,0,0,1,1
0,0,0,1,0,54,0,0,0,0,1
0,0,0,1,0,56,0,0,0,0,2
0,0,0,1,0,60,0,0,0,0,1
0,0,0,1,1,0,0,0,0,48,1
0,0,0,1,1,0,0,0,48,0,1
0,0,0,1,1,0,0,0,53,0,1
0,0,0,1,1,0,0,48,0,0,1
0,0,0,1,1,0,0,49,0,0,1
0,0,0,1,1,0,0,50,0,0,2
0,0,0,1,1,0,0,51,0,0,3
0,0,0,1,1,0,48,0,0,0,1
0,0,0,1,1,0,49,0,0,0,3
0,0,0,1,1,1,0,47,0,0,1
0,0,0,1,1,1,46,0,0,1,1
0,0,0,1,1,1,47,0,0,0,1
0,0,0,1,1,1,49,0,0,0,1
0,0,0,1,1,2,48,0,0,0,2
0,0,0,1,1,43,0,6,0,0,1
0,0,0,1,1,47,0,1,0,0,1
0,0,0,1,1,47,0,1,0,1,1
0,0,0,1,1,48,0,0,0,0,5
0,0,0,1,1,48,1,0,0,0,2
0,0,0,1,1,49,0,0,0,0,3
0,0,0,1,1,49,0,2,0,0,1
0,0,0,1,1,50,0,0,0,0,2
0,0,0,1,1,51,0,0,0,0,2
0,0,0,1,2,4,45,0,0,0,1
0,0,0,1,2,47,0,0,0,0,1
0,0,0,1,2,48,0,0,0,0,1
0,0,0,1,22,15,0,14,0,1,1
0,0,0,1,26,23,0,1,0,0,1
0,0,0,1,28,2,0,20,0,0,1
0,0,0,1,3,0,0,46,0,0,1
0,0,0,1,3,0,0,47,0,0,1
0,0,0,1,3,42,0,6,0,0,1
0,0,0,1,32,7,0,10,0,0,1
0,0,0,1,37,1,0,14,0,0,1
0,0,0,1,38,3,0,10,0,0,1
0,0,0,1,39,1,10,0,0,0,1
0,0,0,1,4,49,0,0,0,0,1
0,0,0,1,40,8,1,1,0,0,1
0,0,0,1,41,4,0,6,0,0,1
0,0,0,1,42,1,0,5,0,1,1
0,0,0,1,43,1,1,4,0,0,1
0,0,0,1,44,3,2,2,0,0,1
0,0,0,1,44,5,0,1,0,0,1
0,0,0,1,44,5,0,2,0,0,1
0,0,0,1,45,3,0,1,0,0,1
0,0,0,1,45,3,1,1,0,0,1
0,0,0,1,46,0,0,3,0,0,1
0,0,0,1,46,0,2,1,0,0,1
0,0,0,1,46,2,0,1,0,0,2
0,0,0,1,46,3,0,0,0,0,1
0,0,0,1,46,3,0,0,1,0,1
0,0,0,1,47,0,0,2,0,0,2
0,0,0,1,47,0,0,3,0,0,2
0,0,0,1,47,1,1,1,0,0,1
0,0,0,1,47,2,0,0,0,0,1
0,0,0,1,48,0,0,1,0,0,3
0,0,0,1,48,0,0,2,0,0,2
0,0,0,1,48,0,1,0,0,0,1
0,0,0,1,48,1,0,0,0,0,3
0,0,0,1,48,1,0,1,0,0,3
0,0,0,1,48,1,0,2,0,0,1
0,0,0,1,48,2,0,1,0,0,1
0,0,0,1,48,2,1,0,0,0,1
0,0,0,1,49,0,0,0,0,0,9
0,0,0,1,49,0,0,1,0,0,4
0,0,0,1,49,0,0,2,0,0,1
0,0,0,1,49,0,1,0,0,0,2
0,0,0,1,49,1,0,0,0,0,6
0,0,0,1,49,1,0,1,0,0,1
0,0,0,1,49,2,0,0,0,0,1
0,0,0,1,50,0,0,0,0,0,5
0,0,0,1,50,0,1,0,0,0,1
0,0,0,1,50,2,0,0,0,0,1
0,0,0,1,51,0,0,0,0,0,4
0,0,0,1,51,0,0,0,1,0,1
0,0,0,1,51,0,0,2,0,0,1
0,0,0,1,55,4,0,0,0,0,1
0,0,0,1,6,0,0,44,0,0,1
0,0,0,10,0,2,38,0,0,0,1
0,0,0,10,0,39,1,0,0,0,1
0,0,0,10,0,40,0,0,0,1,1
0,0,0,10,0,42,0,1,0,0,1
0,0,0,10,0,43,0,0,0,0,1
0,0,0,10,1,41,0,0,0,0,1
0,0,0,11,0,39,0,0,0,0,1
0,0,0,11,0,41,0,0,0,0,1
0,0,0,11,1,39,0,0,0,0,1
0,0,0,12,0,0,48,0,0,0,1
0,0,0,12,0,36,1,1,0,0,1
0,0,0,12,0,41,0,0,0,0,1
0,0,0,12,1,37,0,0,0,1,1
0,0,0,13,0,40,1,0,0,0,1
0,0,0,13,0,5,32,0,0,0,1
0,0,0,13,1,39,0,0,0,0,1
0,0,0,14,1,37,0,0,0,0,1
0,0,0,14,2,6,29,0,0,0,1
0,0,0,14,35,2,0,0,0,0,1
0,0,0,15,1,34,0,0,0,0,1
0,0,0,16,0,34,0,0,0,0,1
0,0,0,16,2,32,0,0,0,0,1
0,0,0,17,0,33,0,0,0,0,1
0,0,0,19,0,1,32,0,0,0,1
0,0,0,19,0,33,0,0,0,0,1
0,0,0,2,0,0,0,0,1,48,1
0,0,0,2,0,0,0,0,48,2,1
0,0,0,2,0,0,0,0,49,0,1
0,0,0,2,0,0,0,49,0,0,1
0,0,0,2,0,0,0,50,0,0,1
0,0,0,2,0,0,47,1,0,0,1
0,0,0,2,0,0,48,0,0,0,4
0,0,0,2,0,0,48,0,1,0,1
0,0,0,2,0,0,48,1,0,0,1
0,0,0,2,0,0,49,0,0,0,3
0,0,0,2,0,0,49,0,1,0,1
0,0,0,2,0,0,51,0,0,0,3
0,0,0,2,0,0,52,0,0,0,2
0,0,0,2,0,0,54,0,0,0,1
0,0,0,2,0,1,1,47,0,0,1
0,0,0,2,0,1,47,0,0,0,2
0,0,0,2,0,1,48,0,0,0,1
0,0,0,2,0,1,50,0,0,0,1
0,0,0,2,0,3,46,0,0,0,2
0,0,0,2,0,41,0,8,0,0,1
0,0,0,2,0,45,1,2,0,0,1
0,0,0,2,0,47,0,1,0,0,1
0,0,0,2,0,47,0,1,0,1,1
0,0,0,2,0,47,0,3,0,0,1
0,0,0,2,0,47,1,0,0,0,1
0,0,0,2,0,48,0,0,0,0,9
0,0,0,2,0,48,1,0,0,0,1
0,0,0,2,0,49,0,0,0,0,12
0,0,0,2,0,50,0,0,0,0,5
0,0,0,2,0,51,0,0,0,0,4
0,0,0,2,0,57,0,0,0,0,1
0,0,0,2,1,0,47,0,0,0,1
0,0,0,2,1,0,48,0,0,0,1
0,0,0,2,1,0,49,0,0,0,1
0,0,0,2,1,0,49,0,0,1,1
0,0,0,2,1,0,50,1,0,0,1
0,0,0,2,1,1,46,0,0,0,1
0,0,0,2,1,1,50,0,0,0,1
0,0,0,2,1,47,0,0,0,0,2
0,0,0,2,1,47,1,0,0,0,1
0,0,0,2,1,47,2,1,0,0,1
0,0,0,2,1,50,0,0,0,0,1
0,0,0,2,1,8,39,0,0,0,1
0,0,0,2,16,0,0,32,0,0,1
0,0,0,2,2,1,0,46,0,1,1
0,0,0,2,2,44,0,2,0,0,1
0,0,0,2,3,0,0,48,0,1,1
0,0,0,2,35,8,1,6,0,0,1
0,0,0,2,36,3,0,10,1,0,1
0,0,0,2,36,7,0,5,0,0,1
0,0,0,2,4,1,46,0,0,0,1
0,0,0,2,41,4,0,3,0,0,1
0,0,0,2,45,1,0,3,0,0,1
0,0,0,2,45,3,0,1,0,0,1
0,0,0,2,46,2,0,0,0,0,1
0,0,0,2,46,2,0,1,0,0,1
0,0,0,2,47,1,0,2,0,0,1
0,0,0,2,48,0,0,0,0,0,1
0,0,0,2,51,0,0,0,0,0,1
0,0,0,2,53,0,0,2,0,0,1
0,0,0,2,8,6,0,35,0,0,1
0,0,0,20,0,29,1,1,0,0,1
0,0,0,20,0,31,0,0,0,0,1
0,0,0,21,0,0,30,0,0,0,1
0,0,0,21,23,5,0,2,0,0,1
0,0,0,22,0,29,0,0,0,0,1
0,0,0,23,0,28,0,1,1,0,1
0,0,0,23,0,3,25,0,0,0,1
0,0,0,24,1,25,0,0,1,1,1
0,0,0,25,0,26,0,0,0,0,1
0,0,0,25,1,0,24,0,0,0,1
0,0,0,26,0,26,0,0,0,0,1
0,0,0,27,0,16,8,0,0,0,1
0,0,0,27,3,20,0,1,0,0,1
0,0,0,28,1,3,0,0,4,15,1
0,0,0,29,0,22,0,1,0,0,1
0,0,0,29,0,23,0,0,0,0,1
0,0,0,3,0,0,47,0,0,0,1
0,0,0,3,0,1,48,0,0,0,3
0,0,0,3,0,46,0,1,0,0,1
0,0,0,3,0,46,2,0,0,0,1
0,0,0,3,0,47,0,0,0,0,5
0,0,0,3,0,47,0,1,0,0,2
0,0,0,3,0,48,0,0,0,0,2
0,0,0,3,0,48,0,0,0,1,1
0,0,0,3,0,48,0,0,1,0,1
0,0,0,3,0,49,0,0,0,0,3
0,0,0,3,0,50,0,0,0,0,1
0,0,0,3,0,8,0,39,0,0,1
0,0,0,3,1,0,47,0,0,0,1
0,0,0,3,1,46,0,0,0,0,1
0,0,0,3,2,1,46,0,0,0,1
0,0,0,3,2,45,0,1,0,0,1
0,0,0,3,34,8,0,6,0,0,1
0,0,0,3,37,9,0,1,0,0,1
0,0,0,3,39,8,0,0,0,0,1
0,0,0,3,40,4,0,3,0,0,1
0,0,0,3,44,2,1,0,1,0,1
0,0,0,3,45,0,1,1,0,0,1
0,0,0,3,45,1,1,3,0,0,1
0,0,0,30,0,21,0,0,0,0,1
0,0,0,32,0,19,1,0,0,0,1
0,0,0,32,0,3,17,0,0,0,1
0,0,0,34,0,0,16,1,0,0,1
0,0,0,34,0,14,2,0,0,0,1
0,0,0,34,0,16,0,0,0,1,1
0,0,0,34,0,18,0,0,0,0,1
0,0,0,34,0,19,0,0,0,0,1
0,0,0,34,7,11,0,0,0,0,1
0,0,0,35,0,15,0,0,0,0,1
0,0,0,35,0,16,0,0,0,0,1
0,0,0,35,0,17,0,0,0,0,1
0,0,0,35,0,18,0,0,0,0,1
0,0,0,35,4,9,0,2,0,0,1
0,0,0,37,0,13,0,0,0,0,2
0,0,0,37,0,14,0,0,0,0,1
0,0,0,38,0,12,0,0,0,0,1
0,0,0,38,0,14,0,0,0,0,1
0,0,0,39,0,1,11,0,0,0,1
0,0,0,39,0,10,0,1,0,0,1
0,0,0,39,0,10,1,0,0,0,1
0,0,0,39,0,11,0,0,0,0,1
0,0,0,39,0,12,0,0,0,0,1
0,0,0,39,0,13,0,0,0,0,1
0,0,0,39,1,11,0,0,0,0,1
0,0,0,39,1,7,3,0,0,0,1
0,0,0,39,2,4,1,5,0,0,1
0,0,0,4,0,0,46,0,0,0,1
0,0,0,4,0,0,47,1,0,0,1
0,0,0,4,0,0,48,0,0,0,1
0,0,0,4,0,2,45,0,0,0,1
0,0,0,4,0,4,43,0,0,0,1
0,0,0,4,0,46,0,0,0,0,7
0,0,0,4,0,46,0,1,0,0,1
0,0,0,4,0,46,3,0,0,0,1
0,0,0,4,0,47,0,0,0,0,1
0,0,0,4,0,47,1,0,0,0,1
0,0,0,4,0,48,0,0,0,0,4
0,0,0,4,0,49,0,0,0,0,1
0,0,0,4,0,50,0,0,0,0,1
0,0,0,4,0,8,40,0,0,0,1
0,0,0,4,1,45,0,0,0,0,1
0,0,0,4,1,47,0,0,0,0,1
0,0,0,4,1,8,37,0,0,0,1
0,0,0,4,2,0,44,1,0,0,1
0,0,0,4,2,42,2,1,0,0,1
0,0,0,4,2,44,0,1,0,0,1
0,0,0,4,39,5,3,0,0,0,1
0,0,0,4,44,1,0,2,0,0,1
0,0,0,4,44,3,0,2,0,0,1
0,0,0,4,46,3,0,0,0,0,1
0,0,0,40,0,13,0,0,0,0,1
0,0,0,40,1,1,0,9,0,0,1
0,0,0,41,0,10,0,0,0,0,1
0,0,0,41,0,8,1,0,0,0,1
0,0,0,41,0,9,0,0,0,0,1
0,0,0,41,0,9,0,1,0,0,1
0,0,0,41,0,9,0,2,0,1,1
0,0,0,42,0,8,0,0,0,0,1
0,0,0,42,1,6,1,0,1,0,1
0,0,0,42,1,7,0,0,0,0,1
0,0,0,42,1,8,0,0,0,0,1
0,0,0,42,3,3,1,1,0,0,1
0,0,0,43,0,5,1,2,0,0,1
0,0,0,43,0,6,0,0,0,1,1
0,0,0,43,0,7,0,0,0,0,1
0,0,0,43,0,8,0,0,0,0,2
0,0,0,43,0,8,1,0,1,0,1
0,0,0,43,0,9,0,0,0,0,1
0,0,0,43,1,1,0,8,0,0,1
0,0,0,43,1,7,0,0,0,0,1
0,0,0,43,1,9,1,0,0,0,1
0,0,0,44,0,0,6,0,0,0,1
0,0,0,44,0,1,6,0,0,0,1
0,0,0,44,0,10,0,0,0,0,1
0,0,0,44,0,3,0,4,0,0,1
0,0,0,44,0,4,1,0,1,0,2
0,0,0,44,0,5,0,1,0,0,1
0,0,0,44,0,6,0,0,0,0,1
0,0,0,44,0,6,1,0,0,0,2
0,0,0,44,0,8,0,0,0,0,2
0,0,0,44,1,4,1,0,0,0,1
0,0,0,44,2,0,6,0,0,0,1
0,0,0,44,3,2,0,1,0,0,1
0,0,0,44,3,2,2,0,0,0,1
0,0,0,45,0,2,3,0,0,0,1
0,0,0,45,0,5,0,0,0,0,1
0,0,0,45,0,6,0,0,0,0,1
0,0,0,45,0,7,0,0,0,0,1
0,0,0,45,1,4,0,1,0,0,1
0,0,0,45,1,6,0,0,0,0,1
0,0,0,45,2,2,1,1,0,0,1
0,0,0,46,0,2,1,1,0,0,1
0,0,0,46,0,3,1,0,0,0,1
0,0,0,46,0,3,1,0,1,0,1
0,0,0,46,0,3,1,1,0,0,1
0,0,0,46,0,5,0,0,0,0,3
0,0,0,46,0,6,0,0,0,0,3
0,0,0,46,1,0,4,0,1,0,1
0,0,0,46,1,1,0,3,0,0,1
0,0,0,46,1,1,1,1,0,0,1
0,0,0,46,1,5,0,0,0,0,1
0,0,0,46,4,1,0,0,1,0,1
0,0,0,47,0,0,0,3,0,0,1
0,0,0,47,0,0,5,0,0,0,1
0,0,0,47,0,1,4,0,0,0,1
0,0,0,47,0,2,0,1,0,0,1
0,0,0,47,0,2,0,2,0,0,1
0,0,0,47,0,2,1,0,0,0,1
0,0,0,47,0,3,0,0,0,0,1
0,0,0,47,0,3,0,0,1,0,2
0,0,0,47,0,3,1,1,0,0,1
0,0,0,47,0,4,0,0,0,0,3
0,0,0,47,0,4,0,1,0,0,1
0,0,0,47,0,5,0,0,0,0,1
0,0,0,47,1,3,0,0,0,0,2
0,0,0,47,2,0,0,0,0,2,1
0,0,0,48,0,0,0,3,1,0,1
0,0,0,48,0,0,1,1,1,0,1
0,0,0,48,0,0,2,0,0,0,1
0,0,0,48,0,0,2,1,0,0,1
0,0,0,48,0,1,1,0,0,0,3
0,0,0,48,0,2,0,0,0,0,8
0,0,0,48,0,2,0,0,1,0,1
0,0,0,48,0,2,1,0,0,0,1
0,0,0,48,0,3,0,0,0,0,4
0,0,0,48,0,4,0,0,0,0,1
0,0,0,48,0,5,0,0,0,0,1
0,0,0,48,0,8,0,0,0,0,1
0,0,0,48,1,0,0,0,1,0,1
0,0,0,48,1,0,0,1,0,0,1
0,0,0,48,1,1,0,0,0,0,1
0,0,0,48,1,1,1,0,1,0,1
0,0,0,48,2,0,0,0,0,0,2
0,0,0,48,2,1,0,0,0,0,1
0,0,0,48,2,2,0,0,0,0,1
0,0,0,48,2,3,0,0,0,0,1
0,0,0,49,0,0,0,0,0,1,4
0,0,0,49,0,0,0,0,1,0,1
0,0,0,49,0,0,0,0,2,0,1
0,0,0,49,0,0,0,1,0,0,4
0,0,0,49,0,0,0,1,0,1,1
0,0,0,49,0,0,1,0,0,0,5
0,0,0,49,0,0,2,0,0,0,3
0,0,0,49,0,1,0,0,0,0,17
0,0,0,49,0,1,0,1,0,0,2
0,0,0,49,0,1,1,0,0,0,2
0,0,0,49,0,1,2,0,0,0,1
0,0,0,49,0,2,0,0,0,0,15
0,0,0,49,0,2,1,0,0,0,1
0,0,0,49,0,3,0,0,0,0,4
0,0,0,49,0,4,0,0,0,0,2
0,0,0,49,0,4,1,0,0,0,1
0,0,0,49,1,0,0,0,0,0,8
0,0,0,49,1,0,0,0,0,1,1
0,0,0,49,1,0,1,0,0,0,1
0,0,0,49,1,1,0,0,0,0,5
0,0,0,49,2,0,0,0,0,0,1
0,0,0,49,3,0,1,1,0,0,1
0,0,0,5,0,0,45,0,1,0,1
0,0,0,5,0,0,48,0,0,0,1
0,0,0,5,0,0,49,0,0,0,1
0,0,0,5,0,3,45,0,0,0,1
0,0,0,5,0,3,46,0,0,0,1
0,0,0,5,0,44,1,1,0,0,1
0,0,0,5,0,45,0,0,0,0,2
0,0,0,5,0,45,1,0,0,0,2
0,0,0,5,0,46,0,0,0,0,5
0,0,0,5,0,47,0,0,0,0,2
0,0,0,5,0,48,0,0,0,0,1
0,0,0,5,0,50,0,0,0,0,1
0,0,0,5,1,0,44,0,0,1,1
0,0,0,5,1,44,0,3,0,0,1
0,0,0,5,1,49,0,0,0,0,1
0,0,0,5,18,16,0,11,0,0,1
0,0,0,5,3,0,43,0,0,0,1
0,0,0,5,38,6,1,1,0,0,1
0,0,0,5,44,1,0,1,0,0,1
0,0,0,5,6,31,0,8,0,0,1
0,0,0,50,0,0,0,0,0,0,85
0,0,0,50,0,0,0,0,0,1,5
0,0,0,50,0,0,0,0,1,0,2
0,0,0,50,0,0,0,1,0,0,6
0,0,0,50,0,0,0,1,0,1,1
0,0,0,50,0,0,1,0,0,0,7
0,0,0,50,0,0,1,1,0,0,1
0,0,0,50,0,0,2,0,0,0,1
0,0,0,50,0,1,0,0,0,0,29
0,0,0,50,0,1,0,0,1,0,1
0,0,0,50,0,1,0,1,0,0,1
0,0,0,50,0,1,1,0,0,0,1
0,0,0,50,0,1,1,1,0,0,1
0,0,0,50,0,2,0,0,0,0,5
0,0,0,50,0,3,0,0,0,0,2
0,0,0,50,1,0,0,0,0,0,9
0,0,0,50,1,0,0,1,0,0,1
0,0,0,50,1,0,2,0,0,0,1
0,0,0,50,1,1,0,0,0,0,1
0,0,0,50,1,1,0,0,0,1,1
0,0,0,50,1,2,0,0,0,0,1
0,0,0,51,0,0,0,0,0,0,110
0,0,0,51,0,0,0,1,0,0,3
0,0,0,51,0,0,1,0,0,0,6
0,0,0,51,0,0,2,0,0,0,3
0,0,0,51,0,1,0,0,0,0,26
0,0,0,51,0,2,0,0,0,0,1
0,0,0,51,0,2,0,1,0,0,1
0,0,0,51,0,3,0,0,0,0,1
0,0,0,51,1,0,0,0,0,0,4
0,0,0,52,0,0,0,0,0,0,68
0,0,0,52,0,0,0,0,1,0,2
0,0,0,52,0,0,0,1,0,0,1
0,0,0,52,0,0,1,0,0,0,1
0,0,0,52,0,1,0,0,0,0,9
0,0,0,52,0,1,0,0,1,0,2
0,0,0,52,0,2,0,0,0,0,1
0,0,0,52,1,0,0,0,0,0,3
0,0,0,53,0,0,0,0,0,0,29
0,0,0,53,0,0,0,0,0,1,1
0,0,0,53,0,1,0,0,0,0,1
0,0,0,53,0,1,0,0,1,0,1
0,0,0,53,0,5,0,0,0,0,1
0,0,0,53,1,0,0,0,0,0,2
0,0,0,54,0,0,0,0,0,0,7
0,0,0,54,0,1,0,0,0,0,1
0,0,0,54,0,3,0,0,0,0,1
0,0,0,54,1,0,1,0,0,0,1
0,0,0,55,0,0,0,0,0,0,4
0,0,0,55,0,0,1,0,1,0,1
0,0,0,55,0,3,0,0,0,0,1
0,0,0,56,0,0,0,0,0,0,2
0,0,0,57,0,0,0,0,0,0,3
0,0,0,58,0,0,0,0,0,0,1
0,0,0,59,0,0,0,0,0,0,1
0,0,0,6,0,0,44,0,0,0,1
0,0,0,6,0,1,44,0,0,0,1
0,0,0,6,0,42,0,1,0,1,1
0,0,0,6,0,43,0,1,0,0,1
0,0,0,6,0,44,0,0,0,0,1
0,0,0,6,0,45,0,0,0,0,1
0,0,0,6,1,1,39,3,0,0,1
0,0,0,6,1,2,42,0,0,0,1
0,0,0,6,1,43,0,0,0,0,1
0,0,0,6,1,46,0,0,0,0,1
0,0,0,6,2,2,0,40,0,1,1
0,0,0,6,37,5,0,2,0,0,1
0,0,0,60,0,0,0,0,0,0,1
0,0,0,61,0,0,0,0,0,0,1
0,0,0,7,0,0,43,1,0,0,1
0,0,0,7,0,42,0,0,0,1,1
0,0,0,7,0,43,0,0,0,0,2
0,0,0,7,0,44,0,0,0,0,5
0,0,0,7,1,40,0,2,0,0,1
0,0,0,7,1,42,0,0,0,0,1
0,0,0,7,1,43,0,0,0,0,1
0,0,0,7,46,0,1,0,0,0,1
0,0,0,8,0,0,42,0,0,0,1
0,0,0,8,0,0,42,0,1,0,1
0,0,0,8,0,0,45,0,0,0,1
0,0,0,8,0,1,40,0,1,0,1
0,0,0,8,0,39,2,1,0,0,1
0,0,0,8,0,42,1,0,0,0,1
0,0,0,8,0,44,0,0,0,0,1
0,0,0,8,29,6,0,9,0,0,1
0,0,0,9,0,0,41,0,0,0,1
0,0,0,9,0,35,0,5,1,1,1
0,0,0,9,0,41,2,0,0,0,1
0,0,0,9,0,43,1,0,0,0,1
0,0,0,9,0,44,0,0,0,0,1
0,0,0,9,0,45,0,0,0,0,1
0,0,0,9,1,42,0,0,0,0,1
0,0,0,9,31,8,0,4,0,0,1
0,0,1,0,0,0,0,0,0,49,1
0,0,1,0,0,0,0,0,0,50,8
0,0,1,0,0,0,0,0,0,51,1
0,0,1,0,0,0,0,0,0,52,2
0,0,1,0,0,0,0,0,0,53,1
0,0,1,0,0,0,0,0,1,48,1
0,0,1,0,0,0,0,0,47,3,1
0,0,1,0,0,0,0,0,48,1,3
0,0,1,0,0,0,0,0,49,0,5
0,0,1,0,0,0,0,0,50,0,3
0,0,1,0,0,0,0,0,50,1,1
0,0,1,0,0,0,0,0,51,0,6
0,0,1,0,0,0,0,0,51,1,1
0,0,1,0,0,0,0,0,51,2,1
0,0,1,0,0,0,0,0,52,0,4
0,0,1,0,0,0,0,0,53,0,3
0,0,1,0,0,0,0,0,54,0,1
0,0,1,0,0,0,0,1,0,52,1
0,0,1,0,0,0,0,1,48,0,1
0,0,1,0,0,0,0,48,1,0,1
0,0,1,0,0,0,0,49,0,0,6
0,0,1,0,0,0,0,50,0,0,14
0,0,1,0,0,0,0,51,0,0,4
0,0,1,0,0,0,0,51,0,1,1
0,0,1,0,0,0,0,52,0,0,1
0,0,1,0,0,0,0,54,0,0,1
0,0,1,0,0,0,3,0,48,0,2
0,0,1,0,0,0,48,0,1,0,1
0,0,1,0,0,0,48,1,0,0,1
0,0,1,0,0,0,49,0,0,0,17
0,0,1,0,0,0,49,0,1,0,6
0,0,1,0,0,0,49,1,0,0,1
0,0,1,0,0,0,50,0,0,0,13
0,0,1,0,0,0,50,0,0,1,1
0,0,1,0,0,0,51,0,0,0,14
0,0,1,0,0,0,51,1,0,0,1
0,0,1,0,0,0,52,0,0,0,10
0,0,1,0,0,0,53,0,0,0,2
0,0,1,0,0,0,56,0,0,0,1
0,0,1,0,0,1,0,0,0,48,1
0,0,1,0,0,1,0,0,0,50,1
0,0,1,0,0,1,0,0,0,51,1
0,0,1,0,0,1,0,0,50,0,1
0,0,1,0,0,1,0,0,51,0,1
0,0,1,0,0,1,0,49,0,0,1
0,0,1,0,0,1,0,51,0,0,1
0,0,1,0,0,1,48,0,0,0,2
0,0,1,0,0,1,49,1,0,0,1
0,0,1,0,0,1,50,0,0,0,5
0,0,1,0,0,1,51,0,0,0,2
0,0,1,0,0,2,48,0,0,0,1
0,0,1,0,0,3,47,0,0,0,1
0,0,1,0,0,47,0,1,1,0,1
0,0,1,0,0,47,1,1,0,0,1
0,0,1,0,0,49,0,0,0,0,9
0,0,1,0,0,49,0,1,0,0,1
0,0,1,0,0,49,1,0,0,0,3
0,0,1,0,0,49,2,0,0,0,1
0,0,1,0,0,50,0,0,0,0,8
0,0,1,0,0,50,0,0,0,1,1
0,0,1,0,0,50,1,0,0,0,2
0,0,1,0,0,51,0,0,0,0,12
0,0,1,0,0,52,0,0,0,0,6
0,0,1,0,0,53,0,0,0,0,3
0,0,1,0,0,6,0,46,0,0,1
0,0,1,0,0,9,40,1,0,0,1
0,0,1,0,1,0,0,0,49,0,1
0,0,1,0,1,0,0,48,0,0,4
0,0,1,0,1,0,0,49,0,0,1
0,0,1,0,1,0,0,52,0,0,2
0,0,1,0,1,0,48,0,0,0,5
0,0,1,0,1,0,49,0,0,0,1
0,0,1,0,1,0,50,0,0,0,1
0,0,1,0,1,1,0,48,0,0,1
0,0,1,0,1,1,0,50,0,0,1
0,0,1,0,1,1,47,0,0,0,1
0,0,1,0,1,1,49,0,0,0,1
0,0,1,0,1,48,0,0,0,0,1
0,0,1,0,1,48,0,1,0,0,1
0,0,1,0,1,48,1,0,0,0,1
0,0,1,0,1,49,0,0,0,0,2
0,0,1,0,1,49,0,1,0,0,1
0,0,1,0,1,50,0,0,0,0,1
0,0,1,0,1,51,0,0,0,0,1
0,0,1,0,1,52,0,0,0,0,2
0,0,1,0,2,0,0,47,0,0,1
0,0,1,0,2,0,0,48,0,0,1
0,0,1,0,2,48,0,0,0,0,1
0,0,1,0,24,0,0,26,0,0,1
0,0,1,0,24,25,0,2,0,0,1
0,0,1,0,28,1,20,0,0,0,1
0,0,1,0,3,0,0,50,0,0,1
0,0,1,0,3,0,46,0,0,0,1
0,0,1,0,3,35,0,12,0,0,1
0,0,1,0,31,0,2,16,0,0,1
0,0,1,0,36,13,0,0,0,0,1
0,0,1,0,36,2,10,1,0,0,1
0,0,1,0,39,0,0,10,0,0,1
0,0,1,0,39,10,0,0,1,0,1
0,0,1,0,40,1,11,0,0,0,1
0,0,1,0,42,1,5,1,0,0,1
0,0,1,0,43,0,0,5,1,0,1
0,0,1,0,43,2,0,4,0,0,1
0,0,1,0,43,2,1,4,0,0,1
0,0,1,0,43,3,0,3,0,1,1
0,0,1,0,43,4,0,4,0,0,1
0,0,1,0,44,0,0,6,0,0,1
0,0,1,0,44,0,6,0,1,0,1
0,0,1,0,44,3,0,2,0,0,1
0,0,1,0,45,1,0,4,0,0,1
0,0,1,0,45,1,0,6,0,0,1
0,0,1,0,45,3,0,0,1,0,1
0,0,1,0,46,0,0,3,0,0,1
0,0,1,0,46,0,1,1,0,1,1
0,0,1,0,46,0,1,4,0,0,1
0,0,1,0,46,3,0,0,0,0,1
0,0,1,0,47,0,0,2,0,0,1
0,0,1,0,47,0,2,0,0,1,1
0,0,1,0,47,1,0,1,0,0,1
0,0,1,0,47,1,0,2,0,0,1
0,0,1,0,47,1,1,0,0,0,1
0,0,1,0,47,2,0,0,0,0,1
0,0,1,0,48,0,0,1,0,0,1
0,0,1,0,48,0,0,2,0,0,1
0,0,1,0,48,0,1,0,0,0,1
0,0,1,0,48,0,1,2,0,0,1
0,0,1,0,49,0,0,0,0,0,4
0,0,1,0,49,0,0,1,0,0,3
0,0,1,0,49,0,0,2,0,0,1
0,0,1,0,49,0,1,0,0,0,1
0,0,1,0,49,0,1,1,0,0,1
0,0,1,0,49,1,0,1,0,0,2
0,0,1,0,49,1,0,1,1,0,1
0,0,1,0,5,1,44,0,0,0,1
0,0,1,0,50,0,0,0,0,0,10
0,0,1,0,50,0,0,1,0,0,3
0,0,1,0,50,0,0,1,0,1,1
0,0,1,0,50,0,0,2,0,0,1
0,0,1,0,50,1,0,0,0,0,1
0,0,1,0,50,2,0,3,0,0,1
0,0,1,0,51,0,0,0,0,0,3
0,0,1,0,51,0,0,1,0,0,1
0,0,1,0,51,1,0,0,0,0,1
0,0,1,0,52,0,0,0,0,0,2
0,0,1,0,52,1,0,0,0,0,1
0,0,1,0,53,0,0,0,0,0,1
0,0,1,0,56,0,0,2,0,0,1
0,0,1,0,58,0,0,0,0,0,1
0,0,1,0,9,1,0,41,0,0,1
0,0,1,1,0,0,0,0,2,49,1
0,0,1,1,0,0,0,0,48,0,2
0,0,1,1,0,0,0,0,50,0,1
0,0,1,1,0,0,0,0,52,0,1
0,0,1,1,0,0,0,48,0,0,1
0,0,1,1,0,0,0,48,0,1,1
0,0,1,1,0,0,0,49,0,0,1
0,0,1,1,0,0,48,0,0,0,3
0,0,1,1,0,0,49,0,0,0,8
0,0,1,1,0,0,49,0,1,0,1
0,0,1,1,0,0,50,0,0,0,2
0,0,1,1,0,0,51,0,0,0,1
0,0,1,1,0,1,47,0,0,0,1
0,0,1,1,0,1,48,0,0,1,1
0,0,1,1,0,1,49,0,0,0,1
0,0,1,1,0,1,50,0,0,0,1
0,0,1,1,0,1,51,0,0,0,1
0,0,1,1,0,3,45,0,0,0,1
0,0,1,1,0,45,2,1,0,0,1
0,0,1,1,0,47,0,0,0,1,2
0,0,1,1,0,47,0,1,0,0,1
0,0,1,1,0,48,0,0,0,0,5
0,0,1,1,0,48,0,1,0,0,1
0,0,1,1,0,48,1,0,0,0,1
0,0,1,1,0,49,0,0,0,0,5
0,0,1,1,0,50,0,0,0,0,4
0,0,1,1,0,56,0,0,0,0,1
0,0,1,1,0,6,43,0,0,0,1
0,0,1,1,1,0,47,0,0,0,1
0,0,1,1,1,0,48,1,0,0,1
0,0,1,1,1,0,50,0,0,0,1
0,0,1,1,1,1,47,0,0,0,1
0,0,1,1,1,11,0,39,0,0,1
0,0,1,1,1,49,0,0,0,0,1
0,0,1,1,1,49,1,0,0,0,1
0,0,1,1,22,4,0,21,0,1,1
0,0,1,1,28,16,0,5,0,0,1
0,0,1,1,28,21,0,0,0,0,1
0,0,1,1,28,7,1,14,0,1,1
0,0,1,1,36,3,1,9,0,0,1
0,0,1,1,36,5,3,5,0,0,1
0,0,1,1,38,9,0,2,0,0,1
0,0,1,1,4,42,0,1,0,1,1
0,0,1,1,42,0,0,7,0,0,1
0,0,1,1,42,3,0,4,0,0,1
0,0,1,1,43,2,0,4,0,0,1
0,0,1,1,44,2,0,2,0,0,1
0,0,1,1,45,2,1,1,0,0,1
0,0,1,1,45,3,0,0,0,0,1
0,0,1,1,46,1,0,1,0,0,1
0,0,1,1,46,1,1,0,0,0,1
0,0,1,1,47,0,1,1,0,0,1
0,0,1,1,47,0,2,0,0,0,1
0,0,1,1,48,0,0,0,0,0,1
0,0,1,1,48,0,0,1,0,0,2
0,0,1,1,49,0,0,1,0,0,1
0,0,1,1,49,1,0,1,0,0,2
0,0,1,1,50,0,0,0,0,0,1
0,0,1,1,50,0,0,1,0,0,1
0,0,1,1,50,2,0,5,0,0,1
0,0,1,1,51,0,0,0,0,0,1
0,0,1,10,0,0,41,0,0,0,1
0,0,1,11,2,2,36,0,0,0,1
0,0,1,12,0,34,3,0,0,0,1
0,0,1,12,0,35,3,0,0,0,1
0,0,1,12,1,3,34,0,0,0,1
0,0,1,12,28,2,8,0,0,0,1
0,0,1,12,3,34,1,1,0,0,1
0,0,1,13,0,37,0,2,0,0,1
0,0,1,14,0,35,0,1,0,0,1
0,0,1,18,0,32,0,0,0,0,1
0,0,1,2,0,0,47,0,0,0,1
0,0,1,2,0,0,49,0,0,0,2
0,0,1,2,0,0,56,0,0,0,1
0,0,1,2,0,1,47,0,0,0,1
0,0,1,2,0,1,55,0,0,0,1
0,0,1,2,0,2,1,45,0,0,1
0,0,1,2,0,45,0,4,0,0,1
0,0,1,2,0,46,1,0,0,0,1
0,0,1,2,0,47,0,0,0,0,1
0,0,1,2,0,48,0,0,0,0,1
0,0,1,2,0,49,0,0,0,0,2
0,0,1,2,1,0,0,46,0,0,1
0,0,1,2,1,1,46,0,0,0,1
0,0,1,2,1,2,44,0,0,0,1
0,0,1,2,2,45,1,0,0,0,1
0,0,1,2,44,2,2,0,0,0,1
0,0,1,2,45,1,0,1,0,0,1
0,0,1,2,46,1,0,1,0,0,1
0,0,1,2,49,0,0,0,0,0,2
0,0,1,20,0,27,1,1,0,0,1
0,0,1,21,2,25,0,1,2,0,1
0,0,1,22,0,27,0,0,0,0,1
0,0,1,22,0,29,0,0,0,0,1
0,0,1,24,2,26,0,0,0,0,1
0,0,1,29,6,8,6,0,0,0,1
0,0,1,3,0,0,0,46,0,0,1
0,0,1,3,0,45,1,0,0,0,1
0,0,1,3,0,46,0,0,0,0,1
0,0,1,3,0,47,0,0,0,0,1
0,0,1,3,1,1,0,45,0,0,1
0,0,1,3,1,42,0,5,1,0,1
0,0,1,3,44,2,3,0,0,0,1
0,0,1,3,45,1,0,0,0,0,1
0,0,1,3,7,0,40,0,0,0,1
0,0,1,30,0,10,9,0,0,0,1
0,0,1,30,0,19,0,0,0,0,1
0,0,1,31,0,17,0,0,0,1,1
0,0,1,31,12,7,0,0,0,0,1
0,0,1,34,0,15,1,0,0,0,1
0,0,1,35,0,11,0,2,1,0,1
0,0,1,35,0,12,2,0,0,0,1
0,0,1,35,1,10,5,0,0,0,1
0,0,1,36,1,15,0,0,0,0,1
0,0,1,38,0,6,5,0,0,0,1
0,0,1,39,1,7,3,0,0,0,1
0,0,1,4,0,1,44,0,0,0,1
0,0,1,4,0,45,1,0,1,0,1
0,0,1,4,1,1,47,0,0,0,1
0,0,1,4,1,2,43,0,0,0,1
0,0,1,40,2,3,4,0,0,0,1
0,0,1,41,0,7,0,1,0,0,1
0,0,1,41,1,6,1,1,0,0,1
0,0,1,42,0,5,2,0,0,0,1
0,0,1,42,0,7,0,0,0,0,1
0,0,1,42,1,0,8,0,0,0,1
0,0,1,42,2,0,5,0,0,0,1
0,0,1,43,0,4,2,0,0,1,1
0,0,1,43,0,6,0,0,0,0,1
0,0,1,43,0,6,2,1,0,0,1
0,0,1,43,1,2,6,0,0,0,1
0,0,1,43,1,4,0,0,0,1,1
0,0,1,43,2,0,0,3,1,0,1
0,0,1,43,3,3,1,2,0,0,1
0,0,1,44,0,12,1,0,1,0,1
0,0,1,44,0,3,0,1,0,1,1
0,0,1,44,0,4,2,0,0,0,1
0,0,1,44,0,5,0,0,0,0,1
0,0,1,44,0,6,0,0,0,0,1
0,0,1,44,2,1,1,2,1,0,1
0,0,1,44,2,3,0,2,0,0,1
0,0,1,45,0,0,3,0,2,0,1
0,0,1,45,0,4,0,0,0,0,1
0,0,1,45,0,6,0,0,0,0,1
0,0,1,45,2,2,0,0,0,0,1
0,0,1,45,3,0,1,0,0,0,1
0,0,1,45,3,7,0,1,0,0,1
0,0,1,46,0,0,2,1,0,0,1
0,0,1,46,0,1,0,1,1,0,1
0,0,1,46,0,1,1,1,1,0,1
0,0,1,46,0,3,0,0,0,0,2
0,0,1,46,1,1,2,1,0,0,1
0,0,1,47,0,0,0,0,1,1,1
0,0,1,47,0,0,3,0,0,0,1
0,0,1,47,0,1,0,0,1,0,1
0,0,1,47,0,1,0,1,0,0,1
0,0,1,47,0,3,0,0,0,0,1
0,0,1,47,0,5,0,0,0,0,1
0,0,1,47,1,1,0,0,0,0,1
0,0,1,48,0,0,1,0,0,0,1
0,0,1,48,0,0,1,0,1,0,1
0,0,1,48,0,1,0,0,0,0,5
0,0,1,48,0,1,0,0,0,1,1
0,0,1,48,0,1,0,2,0,0,1
0,0,1,48,0,1,1,0,0,0,2
0,0,1,48,0,1,1,1,0,0,1
0,0,1,48,0,2,0,0,0,0,2
0,0,1,48,0,3,0,0,0,0,1
0,0,1,48,0,3,1,0,0,0,1
0,0,1,48,1,0,2,0,0,0,1
0,0,1,49,0,0,0,0,0,0,11
0,0,1,49,0,0,1,0,0,0,1
0,0,1,49,0,0,1,0,0,1,1
0,0,1,49,0,1,0,0,0,0,3
0,0,1,49,0,1,1,0,0,0,1
0,0,1,49,1,0,0,0,0,0,2
0,0,1,5,0,1,44,0,0,0,1
0,0,1,50,0,0,0,0,0,0,6
0,0,1,50,0,0,1,0,0,0,3
0,0,1,50,0,1,0,0,0,0,3
0,0,1,50,0,2,0,0,0,0,1
0,0,1,51,0,0,0,0,0,0,6
0,0,1,51,0,1,0,0,1,0,1
0,0,1,52,0,0,0,0,0,0,1
0,0,1,53,0,0,1,0,0,0,1
0,0,1,53,1,0,0,0,1,0,1
0,0,1,54,0,0,0,0,0,0,1
0,0,1,56,0,0,0,0,0,0,1
0,0,1,6,10,33,0,0,0,0,1
0,0,1,7,0,2,41,0,0,0,1
0,0,1,7,0,39,1,2,0,0,1
0,0,1,7,0,44,0,0,0,0,1
0,0,1,7,1,1,40,0,0,0,1
0,0,1,7,1,4,37,0,0,1,1
0,0,1,7,1,40,1,1,0,0,1
0,0,1,8,0,39,1,1,0,0,1
0,0,1,8,1,41,0,0,0,0,1
0,0,1,9,1,1,39,1,0,0,1
0,0,1,9,1,37,4,0,0,0,1
0,0,10,0,0,0,40,0,0,0,1
0,0,10,0,0,0,42,0,0,0,1
0,0,10,0,1,2,38,0,0,0,1
0,0,10,0,2,0,40,0,0,0,1
0,0,10,14,0,26,0,0,0,0,1
0,0,10,2,0,38,0,0,0,1,1
0,0,10,2,35,1,0,2,0,0,1
0,0,10,3,22,5,13,1,0,0,1
0,0,10,36,1,8,0,0,0,0,1
0,0,10,7,1,2,0,32,0,0,1
0,0,10,7,3,3,29,0,0,0,1
0,0,10,8,30,4,0,0,0,0,1
0,0,11,0,38,2,0,0,0,0,1
0,0,11,7,22,11,0,1,0,0,1
0,0,12,12,21,4,1,2,0,0,1
0,0,12,31,1,5,2,0,0,0,1
0,0,13,20,2,5,12,1,0,0,1
0,0,13,22,0,12,3,0,0,0,1
0,0,13,7,0,3,25,2,0,0,1
0,0,14,0,33,2,2,1,0,0,1
0,0,14,29,0,7,0,0,0,0,1
0,0,14,3,32,0,1,0,0,0,1
0,0,15,0,19,0,0,16,0,0,1
0,0,15,27,2,1,7,0,0,0,1
0,0,15,3,0,26,5,1,0,0,1
0,0,16,12,0,20,5,0,0,0,1
0,0,16,23,1,9,2,0,0,0,1
0,0,18,19,4,3,7,0,0,0,1
0,0,19,0,19,1,11,0,0,0,1
0,0,19,8,0,0,20,0,4,0,1
0,0,2,0,0,0,0,0,48,0,1
0,0,2,0,0,0,0,47,1,0,1
0,0,2,0,0,0,0,49,0,0,2
0,0,2,0,0,0,47,0,1,0,2
0,0,2,0,0,0,48,0,0,0,6
0,0,2,0,0,0,48,0,1,0,1
0,0,2,0,0,0,49,0,0,0,5
0,0,2,0,0,0,50,0,0,0,2
0,0,2,0,0,0,50,0,0,1,1
0,0,2,0,0,0,50,1,0,0,1
0,0,2,0,0,0,51,0,0,0,2
0,0,2,0,0,0,54,0,1,0,1
0,0,2,0,0,0,55,0,0,0,1
0,0,2,0,0,1,47,0,1,0,1
0,0,2,0,0,1,48,0,0,0,1
0,0,2,0,0,1,51,0,0,0,1
0,0,2,0,0,3,0,47,0,0,1
0,0,2,0,0,3,45,1,0,0,1
0,0,2,0,0,47,1,0,0,0,1
0,0,2,0,0,48,0,1,0,0,1
0,0,2,0,0,49,0,0,0,1,1
0,0,2,0,1,0,1,54,0,0,1
0,0,2,0,1,0,48,0,0,0,1
0,0,2,0,1,0,50,0,0,0,2
0,0,2,0,1,51,0,0,0,0,1
0,0,2,0,2,0,46,1,0,0,1
0,0,2,0,2,0,47,0,0,0,1
0,0,2,0,3,1,44,0,0,0,1
0,0,2,0,3,2,45,0,0,0,1
0,0,2,0,35,0,2,13,0,0,1
0,0,2,0,4,1,1,49,0,0,1
0,0,2,0,42,7,0,0,0,0,1
0,0,2,0,45,0,3,0,0,0,1
0,0,2,0,45,1,0,1,0,2,1
0,0,2,0,45,1,0,4,0,0,1
0,0,2,0,45,2,0,2,1,0,1
0,0,2,0,45,3,2,3,0,0,1
0,0,2,0,46,0,1,3,0,0,1
0,0,2,0,47,0,1,0,0,2,1
0,0,2,0,47,0,2,0,0,0,1
0,0,2,0,47,0,3,0,0,0,1
0,0,2,0,48,0,0,0,0,0,1
0,0,2,0,48,0,0,1,0,0,1
0,0,2,0,48,0,1,0,0,0,1
0,0,2,0,49,0,0,0,0,0,3
0,0,2,0,49,0,0,1,0,0,1
0,0,2,0,49,0,0,2,0,0,1
0,0,2,0,50,0,0,0,0,0,1
0,0,2,0,51,0,0,0,0,0,1
0,0,2,1,0,0,47,1,0,0,1
0,0,2,1,0,0,48,0,0,0,2
0,0,2,1,0,0,50,0,0,0,1
0,0,2,1,0,1,0,47,0,0,1
0,0,2,1,0,1,46,0,0,1,1
0,0,2,1,0,1,47,0,0,0,1
0,0,2,1,0,1,48,0,0,0,1
0,0,2,1,0,2,47,0,0,0,1
0,0,2,1,0,2,49,0,0,0,1
0,0,2,1,0,4,43,0,0,0,1
0,0,2,1,0,45,1,2,0,0,1
0,0,2,1,0,46,0,1,0,0,1
0,0,2,1,0,47,0,0,0,0,1
0,0,2,1,0,47,0,1,0,0,1
0,0,2,1,2,0,48,0,0,0,1
0,0,2,1,3,0,46,0,0,0,1
0,0,2,1,44,0,2,3,0,0,1
0,0,2,1,45,0,1,2,0,0,1
0,0,2,1,47,1,1,1,0,0,1
0,0,2,1,48,0,0,0,0,0,1
0,0,2,1,49,0,0,0,0,0,1
0,0,2,1,49,1,0,0,0,0,1
0,0,2,1,7,1,39,0,0,0,1
0,0,2,11,0,40,0,0,0,0,1
0,0,2,13,0,35,0,0,0,0,1
0,0,2,19,0,31,0,1,0,2,1
0,0,2,2,0,0,0,47,0,0,1
0,0,2,2,0,0,44,1,0,1,1
0,0,2,2,0,0,48,0,0,0,1
0,0,2,2,0,1,46,0,0,0,1
0,0,2,2,0,2,42,1,1,0,1
0,0,2,2,0,2,46,0,0,0,1
0,0,2,2,0,3,44,0,0,0,1
0,0,2,2,0,50,0,2,0,0,1
0,0,2,2,32,3,0,11,1,0,1
0,0,2,2,45,1,0,0,0,1,1
0,0,2,21,0,28,0,0,0,0,1
0,0,2,22,22,1,1,2,0,0,1
0,0,2,24,2,6,16,0,0,0,1
0,0,2,25,0,0,25,0,0,0,1
0,0,2,3,0,3,43,0,0,0,1
0,0,2,3,0,43,0,2,0,0,1
0,0,2,3,0,47,0,0,1,0,1
0,0,2,3,0,48,1,0,0,0,1
0,0,2,3,1,0,44,0,0,0,1
0,0,2,3,1,1,46,0,0,0,1
0,0,2,3,46,0,0,0,0,0,1
0,0,2,33,1,15,0,0,0,0,1
0,0,2,33,4,11,0,0,0,0,1
0,0,2,34,4,2,9,2,0,0,1
0,0,2,35,1,11,3,0,0,0,1
0,0,2,36,0,9,3,2,1,0,1
0,0,2,37,0,11,2,0,0,0,1
0,0,2,39,0,5,4,1,0,0,1
0,0,2,4,1,0,42,0,1,0,1
0,0,2,4,40,1,0,2,1,0,1
0,0,2,4,41,3,2,0,0,0,1
0,0,2,41,0,2,4,0,0,1,1
0,0,2,42,0,3,4,0,0,0,1
0,0,2,43,0,0,0,6,0,0,1
0,0,2,43,0,4,4,0,0,0,1
0,0,2,43,4,1,0,0,0,0,1
0,0,2,44,0,2,0,2,0,0,1
0,0,2,44,0,4,0,0,0,0,1
0,0,2,44,0,4,1,0,0,0,1
0,0,2,44,1,2,1,0,0,0,1
0,0,2,45,0,0,2,0,0,1,1
0,0,2,45,0,0,2,1,0,0,1
0,0,2,45,0,4,0,0,0,0,1
0,0,2,45,0,5,0,0,0,1,1
0,0,2,45,3,0,2,0,0,0,1
0,0,2,46,0,0,2,0,0,0,1
0,0,2,46,0,0,4,0,0,0,1
0,0,2,46,0,1,2,0,0,0,1
0,0,2,46,0,2,0,0,0,0,1
0,0,2,46,1,0,2,0,0,0,1
0,0,2,47,0,0,2,1,0,0,1
0,0,2,47,0,0,3,0,0,0,1
0,0,2,47,1,1,0,2,0,0,1
0,0,2,48,0,0,0,0,0,0,1
0,0,2,48,0,0,0,0,0,1,1
0,0,2,48,0,0,1,0,0,0,1
0,0,2,48,0,1,1,0,0,0,1
0,0,2,49,0,0,0,0,0,0,4
0,0,2,5,0,43,0,0,0,0,1
0,0,2,5,29,0,14,0,0,0,1
0,0,2,50,0,0,0,0,0,0,1
0,0,2,50,0,1,1,0,0,1,1
0,0,2,51,0,1,3,0,0,0,1
0,0,2,53,1,2,0,0,0,0,1
0,0,2,7,0,1,38,0,0,2,1
0,0,2,7,0,44,0,0,0,0,1
0,0,2,8,0,41,1,0,0,0,1
0,0,2,9,1,1,37,0,0,0,1
0,0,20,2,0,0,29,0,0,0,1
0,0,21,4,12,6,3,4,0,0,1
0,0,24,1,0,0,26,0,0,0,1
0,0,24,10,3,8,3,1,1,0,1
0,0,24,17,0,9,2,0,0,0,1
0,0,25,0,13,7,1,5,0,0,1
0,0,25,0,6,2,3,15,1,0,1
0,0,25,27,0,5,0,0,0,0,1
0,0,26,1,6,5,14,0,1,0,1
0,0,27,0,0,0,24,0,0,0,1
0,0,27,15,0,9,0,0,0,0,1
0,0,27,3,16,0,0,5,0,0,1
0,0,28,0,0,0,25,0,0,0,1
0,0,28,14,6,2,1,0,0,0,1
0,0,28,18,0,2,8,0,0,0,1
0,0,29,11,3,3,5,0,0,0,1
0,0,3,0,0,0,48,0,0,0,3
0,0,3,0,0,0,48,1,0,0,1
0,0,3,0,1,1,0,45,0,0,1
0,0,3,0,1,1,46,0,0,0,1
0,0,3,0,1,1,47,0,0,0,2
0,0,3,0,2,0,48,0,0,0,1
0,0,3,0,26,2,2,18,0,0,1
0,0,3,0,38,0,3,7,0,0,1
0,0,3,0,44,1,0,1,0,1,1
0,0,3,0,46,0,0,1,0,0,1
0,0,3,0,46,0,0,4,0,0,1
0,0,3,0,47,0,0,0,0,0,2
0,0,3,0,49,1,0,1,0,0,1
0,0,3,1,0,0,0,48,0,0,1
0,0,3,1,0,0,49,0,1,0,1
0,0,3,1,1,0,48,0,0,0,1
0,0,3,1,24,1,20,1,0,0,1
0,0,3,1,43,0,0,5,1,0,1
0,0,3,1,45,0,1,1,0,0,1
0,0,3,1,45,0,2,0,0,0,1
0,0,3,1,46,0,1,0,0,0,1
0,0,3,1,47,0,0,0,0,0,1
0,0,3,10,0,36,1,0,0,0,1
0,0,3,12,2,0,33,1,0,0,1
0,0,3,14,30,2,2,1,0,0,1
0,0,3,19,0,29,0,0,0,0,1
0,0,3,2,32,2,0,13,0,0,1
0,0,3,2,38,2,3,3,0,0,1
0,0,3,2,42,4,0,0,0,0,1
0,0,3,2,6,1,39,0,0,0,1
0,0,3,28,0,8,2,8,1,0,1
0,0,3,29,5,2,9,2,0,0,1
0,0,3,3,0,0,44,0,0,0,1
0,0,3,3,0,0,46,0,0,0,1
0,0,3,30,0,21,0,0,0,0,1
0,0,3,32,1,11,3,0,0,1,1
0,0,3,33,5,1,8,0,0,0,1
0,0,3,35,5,6,4,0,0,0,1
0,0,3,39,0,0,11,0,0,0,1
0,0,3,39,1,5,2,0,0,0,1
0,0,3,39,1,8,0,0,0,0,1
0,0,3,4,0,4,41,1,0,0,1
0,0,3,4,0,43,0,0,0,0,1
0,0,3,40,0,7,1,0,0,0,1
0,0,3,43,0,3,1,0,0,0,1
0,0,3,43,2,1,0,1,0,0,1
0,0,3,44,0,0,3,0,0,0,1
0,0,3,44,0,3,0,0,0,0,1
0,0,3,44,1,1,2,0,0,0,1
0,0,3,46,1,2,0,0,0,0,1
0,0,3,5,33,4,2,3,0,1,1
0,0,3,6,5,1,34,1,0,0,1
0,0,3,7,0,42,0,0,0,0,1
0,0,3,8,0,0,38,1,0,0,1
0,0,3,9,0,0,41,0,0,0,1
0,0,30,1,10,0,9,0,0,0,1
0,0,31,0,7,2,7,3,0,0,1
0,0,31,4,2,1,0,13,0,0,1
0,0,33,1,0,1,14,0,1,0,1
0,0,33,2,0,15,0,0,0,0,1
0,0,34,0,4,5,2,5,0,0,1
0,0,34,2,6,0,1,8,1,0,1
0,0,34,9,1,2,5,0,0,0,1
0,0,35,0,1,0,14,0,0,0,1
0,0,35,1,1,12,1,0,0,0,1
0,0,36,0,0,0,15,0,0,0,1
0,0,36,0,5,9,2,0,0,0,1
0,0,36,0,7,2,1,4,0,0,1
0,0,36,1,0,13,0,0,0,0,1
0,0,36,1,1,1,12,0,0,0,1
0,0,36,1,3,11,1,1,0,0,1
0,0,36,5,1,8,0,0,0,0,1
0,0,37,15,0,6,0,0,0,1,1
0,0,37,2,0,0,11,0,0,0,1
0,0,37,3,3,1,4,2,0,0,1
0,0,37,7,1,6,0,1,0,0,1
0,0,38,1,1,4,0,6,0,0,1
0,0,38,1,4,6,1,0,0,0,1
0,0,38,2,0,9,1,0,0,0,1
0,0,38,3,1,9,0,0,0,0,1
0,0,38,3,7,2,1,1,0,0,1
0,0,39,0,0,0,0,0,11,0,1
0,0,39,0,0,0,12,0,0,0,1
0,0,39,0,0,1,11,0,0,0,1
0,0,39,0,3,0,1,6,1,0,1
0,0,39,0,7,0,6,0,0,0,1
0,0,39,6,3,1,1,0,0,0,1
0,0,39,9,1,2,1,0,0,0,1
0,0,4,0,0,0,46,0,0,0,2
0,0,4,0,0,2,46,0,0,0,1
0,0,4,0,0,3,0,43,1,0,1
0,0,4,0,0,51,0,0,0,0,1
0,0,4,0,0,7,1,39,0,0,1
0,0,4,0,1,1,48,0,0,0,1
0,0,4,0,3,0,43,1,0,0,1
0,0,4,0,42,1,1,3,0,0,1
0,0,4,1,34,6,0,7,0,0,1
0,0,4,1,42,0,1,3,0,0,1
0,0,4,1,43,1,0,2,0,0,1
0,0,4,1,44,0,0,2,0,0,1
0,0,4,1,45,1,0,2,0,0,1
0,0,4,1,46,0,1,0,0,0,1
0,0,4,1,7,0,41,0,0,0,1
0,0,4,26,2,16,4,1,0,0,1
0,0,4,3,0,44,0,0,0,0,1
0,0,4,3,24,6,7,7,0,0,1
0,0,4,3,4,0,37,2,0,0,1
0,0,4,30,1,16,0,0,0,0,1
0,0,4,31,0,16,0,0,0,0,1
0,0,4,40,1,2,5,0,0,0,1
0,0,4,42,1,1,6,0,0,0,1
0,0,4,44,0,3,0,0,0,0,1
0,0,4,45,0,1,0,1,0,0,1
0,0,4,45,0,2,0,0,0,0,1
0,0,4,46,0,0,2,0,0,1,1
0,0,4,47,0,1,0,0,0,0,1
0,0,4,48,0,0,0,0,0,0,1
0,0,4,8,0,4,35,0,0,0,1
0,0,4,9,0,38,0,0,0,0,1
0,0,40,2,1,6,0,1,0,0,1
0,0,40,6,0,0,2,0,3,0,1
0,0,40,8,0,2,0,0,0,0,1
0,0,41,0,10,0,0,2,0,0,1
0,0,41,1,5,3,1,0,0,0,1
0,0,41,5,1,3,1,0,0,0,1
0,0,42,0,0,0,9,0,0,0,1
0,0,42,0,5,0,1,3,0,0,1
0,0,42,0,7,1,0,0,0,0,1
0,0,42,1,6,1,2,0,0,0,1
0,0,42,3,0,4,1,0,0,0,1
0,0,42,4,0,0,4,0,1,0,1
0,0,42,4,5,0,1,0,0,0,1
0,0,42,7,0,1,0,0,0,0,1
0,0,42,7,0,2,4,0,0,0,1
0,0,43,0,0,0,7,0,0,0,1
0,0,43,0,1,6,0,1,0,0,1
0,0,43,1,0,0,8,0,0,0,1
0,0,43,1,0,6,0,1,0,0,1
0,0,43,2,0,4,1,0,0,0,1
0,0,43,4,0,3,0,0,0,0,1
0,0,43,8,0,2,0,0,1,0,1
0,0,44,1,0,0,5,0,0,1,1
0,0,44,1,0,2,4,0,0,0,1
0,0,44,1,2,1,1,1,0,0,1
0,0,44,1,4,0,1,1,0,1,1
0,0,44,1,4,1,0,0,0,0,1
0,0,44,2,0,0,3,2,0,0,1
0,0,44,2,1,3,0,0,1,0,1
0,0,44,2,2,3,0,0,0,0,1
0,0,44,3,0,5,0,0,0,0,1
0,0,44,4,0,1,0,1,0,0,1
0,0,44,4,1,0,0,2,0,0,1
0,0,44,5,0,1,1,0,0,0,1
0,0,44,6,0,1,0,0,0,0,1
0,0,44,6,1,1,0,1,0,0,1
0,0,45,0,0,0,0,0,9,0,1
0,0,45,0,0,0,6,0,0,0,1
0,0,45,0,0,1,5,0,0,0,1
0,0,45,0,0,5,1,0,0,0,1
0,0,45,0,1,0,0,4,0,0,1
0,0,45,0,1,1,3,0,0,0,1
0,0,45,0,2,0,2,0,1,0,1
0,0,45,0,5,0,1,0,0,0,1
0,0,45,1,1,0,3,0,0,0,1
0,0,45,2,0,1,2,0,0,0,1
0,0,45,2,1,1,2,0,1,0,1
0,0,45,2,1,3,0,0,0,0,1
0,0,45,2,2,2,0,0,0,0,1
0,0,45,2,5,0,0,0,0,0,1
0,0,45,3,0,1,2,0,0,0,1
0,0,45,3,0,1,3,0,0,0,1
0,0,45,4,0,1,1,0,0,0,1
0,0,45,7,1,1,0,0,0,0,1
0,0,46,0,0,0,1,1,2,0,1
0,0,46,0,0,0,2,1,1,0,1
0,0,46,0,0,1,0,0,3,0,1
0,0,46,0,1,0,2,0,1,0,1
0,0,46,0,1,0,2,1,0,0,1
0,0,46,0,1,0,3,0,0,0,1
0,0,46,0,3,0,1,0,0,0,2
0,0,46,0,4,0,0,0,0,1,1
0,0,46,0,5,0,0,0,0,0,1
0,0,46,1,0,0,6,0,0,0,1
0,0,46,1,0,1,1,0,1,0,1
0,0,46,1,0,1,3,0,0,0,1
0,0,46,1,0,4,0,0,0,0,1
0,0,46,1,1,0,2,0,0,0,1
0,0,46,1,2,0,1,0,1,0,1
0,0,46,2,0,3,0,0,0,0,1
0,0,46,2,1,0,1,0,0,0,1
0,0,46,3,0,1,2,0,0,0,1
0,0,46,3,0,2,0,0,0,0,1
0,0,46,3,1,0,0,1,0,0,1
0,0,47,0,0,0,4,0,0,0,1
0,0,47,0,0,1,5,0,0,0,1
0,0,47,0,0,2,0,1,0,0,1
0,0,47,0,0,2,1,0,0,0,1
0,0,47,0,0,2,3,0,0,0,1
0,0,47,0,1,0,2,0,0,0,1
0,0,47,0,3,0,0,0,0,0,1
0,0,47,1,0,0,1,0,1,0,1
0,0,47,1,0,0,2,0,0,0,2
0,0,47,1,1,0,1,1,0,0,1
0,0,47,1,1,1,0,1,0,0,1
0,0,47,1,1,1,2,0,0,0,1
0,0,47,1,1,2,0,0,0,0,1
0,0,47,1,2,1,0,0,2,0,1
0,0,47,1,4,0,0,0,0,0,1
0,0,47,2,0,1,0,0,0,0,1
0,0,47,2,0,4,1,0,0,0,1
0,0,47,2,2,1,5,2,0,0,1
0,0,47,3,0,0,0,0,0,0,3
0,0,47,3,0,1,2,0,0,0,1
0,0,47,5,0,0,0,0,0,0,1
0,0,48,0,0,0,0,2,0,0,1
0,0,48,0,0,0,0,3,0,0,1
0,0,48,0,0,0,1,0,1,0,1
0,0,48,0,0,0,1,0,2,0,1
0,0,48,0,0,0,1,1,0,0,1
0,0,48,0,0,0,2,0,0,0,5
0,0,48,0,0,0,3,0,0,0,2
0,0,48,0,0,0,5,1,0,0,1
0,0,48,0,0,1,0,0,1,0,1
0,0,48,0,0,1,0,1,1,0,1
0,0,48,0,0,1,1,1,0,0,1
0,0,48,0,0,1,2,0,0,0,1
0,0,48,0,0,1,3,0,0,0,1
0,0,48,0,0,2,0,0,0,0,1
0,0,48,0,0,2,1,0,0,0,1
0,0,48,0,1,0,0,0,1,0,1
0,0,48,0,1,0,0,1,0,0,2
0,0,48,0,1,0,1,0,0,0,2
0,0,48,0,1,1,0,0,0,0,2
0,0,48,0,2,0,0,0,0,0,1
0,0,48,0,2,0,1,0,0,0,1
0,0,48,0,2,1,0,0,0,0,1
0,0,48,0,3,0,0,0,0,0,1
0,0,48,1,0,0,1,0,0,0,2
0,0,48,1,0,0,2,0,0,0,2
0,0,48,1,0,0,3,0,0,0,1
0,0,48,1,0,1,0,0,0,0,1
0,0,48,1,0,1,0,0,0,1,1
0,0,48,1,0,1,1,0,1,0,1
0,0,48,1,0,2,1,0,0,0,1
0,0,48,1,1,0,0,0,1,0,1
0,0,48,1,1,0,2,0,0,0,1
0,0,48,1,1,2,0,0,0,0,1
0,0,48,2,0,0,0,0,0,0,2
0,0,48,2,0,0,0,0,0,1,1
0,0,48,2,0,0,0,1,0,0,1
0,0,48,2,0,0,1,0,0,0,2
0,0,48,2,0,1,0,0,0,0,2
0,0,48,2,1,0,0,1,0,0,1
0,0,48,3,0,0,0,0,0,0,1
0,0,49,0,0,0,0,0,0,1,1
0,0,49,0,0,0,0,0,1,0,3
0,0,49,0,0,0,0,1,0,0,4
0,0,49,0,0,0,0,1,1,0,1
0,0,49,0,0,0,1,0,0,0,14
0,0,49,0,0,0,1,0,0,1,2
0,0,49,0,0,0,1,1,0,0,4
0,0,49,0,0,0,2,0,0,0,4
0,0,49,0,0,1,0,0,0,0,6
0,0,49,0,0,2,0,1,0,0,1
0,0,49,0,1,0,0,0,0,0,14
0,0,49,0,1,0,0,0,1,0,1
0,0,49,0,1,0,0,1,0,0,2
0,0,49,0,1,0,1,0,0,0,2
0,0,49,0,1,0,1,1,0,0,1
0,0,49,0,1,0,5,0,0,0,1
0,0,49,0,1,1,0,0,0,0,3
0,0,49,0,1,1,0,1,0,0,1
0,0,49,0,1,3,1,0,0,0,1
0,0,49,0,2,0,0,0,0,0,6
0,0,49,0,3,0,0,0,0,0,1
0,0,49,0,4,0,0,0,0,0,1
0,0,49,1,0,0,0,0,0,0,9
0,0,49,1,0,0,0,0,0,1,2
0,0,49,1,0,0,0,0,1,0,1
0,0,49,1,0,0,1,0,0,0,4
0,0,49,1,0,0,1,0,1,0,2
0,0,49,1,0,1,1,0,0,0,1
0,0,49,1,1,0,0,0,0,0,4
0,0,49,1,1,0,1,0,0,0,1
0,0,49,1,1,1,0,0,0,0,1
0,0,49,1,1,1,1,0,0,0,1
0,0,49,1,2,0,0,0,0,0,1
0,0,49,2,0,0,0,0,0,0,2
0,0,49,2,0,0,1,0,0,0,1
0,0,49,2,0,1,1,0,0,0,1
0,0,49,7,0,0,1,0,0,0,1
0,0,5,0,0,0,46,0,0,0,1
0,0,5,0,1,0,44,0,0,0,1
0,0,5,0,1,0,46,0,0,0,1
0,0,5,0,4,0,42,2,0,0,1
0,0,5,0,42,1,1,1,1,0,1
0,0,5,0,44,0,1,0,0,0,1
0,0,5,0,44,1,0,7,0,0,1
0,0,5,0,45,1,0,0,0,0,1
0,0,5,0,47,0,1,0,0,0,1
0,0,5,1,2,1,42,0,0,0,1
0,0,5,1,45,0,0,1,0,0,1
0,0,5,11,22,4,10,0,0,0,1
0,0,5,2,0,41,2,0,0,0,1
0,0,5,26,0,14,4,0,1,0,1
0,0,5,3,0,1,42,0,0,0,1
0,0,5,31,0,12,2,0,0,0,1
0,0,5,36,0,10,2,0,0,0,1
0,0,5,37,0,6,2,1,0,0,1
0,0,5,4,0,0,41,0,1,0,1
0,0,5,40,0,3,4,0,0,0,1
0,0,5,41,0,3,2,0,0,0,1
0,0,5,41,1,0,2,0,1,0,1
0,0,5,44,1,1,1,0,0,0,1
0,0,5,46,0,0,1,0,0,0,1
0,0,5,5,0,41,0,0,0,0,1
0,0,50,0,0,0,0,0,0,0,114
0,0,50,0,0,0,0,0,0,1,4
0,0,50,0,0,0,0,0,1,0,5
0,0,50,0,0,0,0,0,2,0,1
0,0,50,0,0,0,0,1,0,0,3
0,0,50,0,0,0,0,1,1,0,1
0,0,50,0,0,0,0,3,0,0,1
0,0,50,0,0,0,1,0,0,0,19
0,0,50,0,0,0,1,1,0,0,1
0,0,50,0,0,1,0,0,0,0,6
0,0,50,0,0,1,0,0,0,1,1
0,0,50,0,0,1,1,0,0,0,2
0,0,50,0,0,2,0,0,0,0,1
0,0,50,0,0,3,0,0,0,0,1
0,0,50,0,1,0,0,0,0,0,15
0,0,50,0,1,0,0,0,1,0,1
0,0,50,0,1,0,0,1,0,0,1
0,0,50,0,1,0,0,1,0,1,1
0,0,50,0,2,0,0,0,0,0,2
0,0,50,0,2,1,0,0,0,0,1
0,0,50,1,0,0,0,0,0,0,11
0,0,50,1,0,0,0,1,0,0,1
0,0,50,1,0,0,1,0,0,0,4
0,0,50,1,0,1,0,0,0,0,1
0,0,50,1,1,0,0,0,0,0,2
0,0,50,2,0,0,0,0,0,0,1
0,0,50,3,0,0,0,0,0,0,1
0,0,51,0,0,0,0,0,0,0,139
0,0,51,0,0,0,0,0,0,1,2
0,0,51,0,0,0,0,0,1,0,7
0,0,51,0,0,0,0,1,0,0,1
0,0,51,0,0,0,1,0,0,0,10
0,0,51,0,0,0,1,1,0,0,1
0,0,51,0,0,1,0,0,0,0,6
0,0,51,0,0,1,1,0,0,0,2
0,0,51,0,1,0,0,0,0,0,12
0,0,51,0,1,0,0,1,0,0,1
0,0,51,0,2,0,0,0,0,0,2
0,0,51,0,2,1,0,0,0,0,1
0,0,51,1,0,0,0,0,0,0,8
0,0,51,1,0,0,0,1,0,0,1
0,0,52,0,0,0,0,0,0,0,70
0,0,52,0,0,0,0,0,0,1,1
0,0,52,0,0,0,0,1,0,0,2
0,0,52,0,0,0,1,0,0,0,5
0,0,52,0,0,0,1,0,0,1,1
0,0,52,0,0,1,0,0,0,0,3
0,0,52,0,0,1,0,0,0,1,1
0,0,52,0,0,1,0,1,0,0,1
0,0,52,0,1,0,0,0,0,0,1
0,0,52,0,1,0,1,0,0,0,1
0,0,52,1,0,0,0,0,0,0,2
0,0,52,1,1,2,1,0,0,0,1
0,0,53,0,0,0,0,0,0,0,35
0,0,53,0,0,0,0,1,0,0,1
0,0,53,0,0,0,1,0,0,0,2
0,0,53,0,0,1,0,0,0,0,1
0,0,53,0,1,0,0,0,0,0,1
0,0,53,0,1,1,0,0,0,0,1
0,0,53,1,0,0,0,0,0,0,1
0,0,53,1,0,0,0,1,0,0,1
0,0,54,0,0,0,0,0,0,0,16
0,0,54,0,0,1,0,0,0,0,1
0,0,54,0,1,0,0,0,0,1,1
0,0,54,1,0,0,0,0,0,0,1
0,0,55,0,0,0,0,0,0,0,3
0,0,55,0,0,0,0,1,0,0,1
0,0,55,0,0,1,0,0,1,0,1
0,0,55,0,0,1,0,2,0,0,1
0,0,55,1,3,0,0,1,0,0,1
0,0,56,0,0,0,0,0,0,0,1
0,0,56,0,1,0,0,0,0,0,1
0,0,56,0,1,0,0,0,0,1,1
0,0,56,1,0,0,0,0,0,0,1
0,0,56,1,0,0,0,0,0,1,1
0,0,57,0,0,0,0,0,0,0,2
0,0,57,0,0,0,1,0,0,0,1
0,0,59,0,0,0,0,0,0,0,1
0,0,6,0,1,1,45,0,0,0,1
0,0,6,0,40,1,2,1,1,0,1
0,0,6,0,5,0,39,0,0,0,1
0,0,6,1,0,0,44,0,0,0,1
0,0,6,2,0,44,0,0,0,0,1
0,0,6,2,42,1,3,0,0,0,1
0,0,6,25,4,10,3,2,0,0,1
0,0,6,29,0,7,4,6,0,0,1
0,0,6,3,4,2,35,0,0,0,1
0,0,6,41,0,5,0,0,0,0,1
0,0,6,42,1,3,0,0,0,0,1
0,0,6,43,1,1,1,0,0,0,1
0,0,7,0,0,0,0,44,0,0,1
0,0,7,0,0,0,43,0,0,0,1
0,0,7,0,0,0,45,0,0,0,1
0,0,7,0,2,1,40,0,0,0,1
0,0,7,10,2,30,1,0,0,0,1
0,0,7,34,0,10,0,0,0,0,1
0,0,7,36,0,3,4,0,1,1,1
0,0,7,38,0,1,6,0,0,0,1
0,0,7,43,0,1,0,0,0,0,2
0,0,7,7,37,2,0,0,0,0,1
0,0,7,9,22,5,6,1,0,0,1
0,0,7,9,23,6,6,1,0,0,1
0,0,8,0,1,0,43,0,0,0,1
0,0,8,0,1,4,0,39,0,0,1
0,0,8,0,38,2,4,0,0,1,1
0,0,8,0,39,5,0,0,0,0,1
0,0,8,0,44,1,0,0,0,0,1
0,0,8,1,0,2,39,0,1,0,1
0,0,8,2,34,3,5,0,0,0,1
0,0,8,21,0,23,0,0,0,0,1
0,0,8,3,0,1,40,0,0,0,1
0,0,8,33,0,0,10,0,1,0,1
0,0,8,38,1,2,0,1,0,0,1
0,0,8,41,0,2,0,1,0,0,1
0,0,8,43,0,0,1,0,0,0,1
0,0,8,43,0,1,0,0,0,0,1
0,0,9,0,37,0,4,0,0,0,1
0,0,9,27,2,13,0,0,0,0,1
0,0,9,38,0,0,0,0,4,0,1
0,1,0,0,0,0,0,0,0,49,44
0,1,0,0,0,0,0,0,0,50,49
0,1,0,0,0,0,0,0,0,51,38
0,1,0,0,0,0,0,0,0,52,11
0,1,0,0,0,0,0,0,0,53,3
0,1,0,0,0,0,0,0,0,54,1
0,1,0,0,0,0,0,0,0,58,1
0,1,0,0,0,0,0,0,1,48,3
0,1,0,0,0,0,0,0,1,49,5
0,1,0,0,0,0,0,0,1,50,4
0,1,0,0,0,0,0,0,1,51,3
0,1,0,0,0,0,0,0,1,52,1
0,1,0,0,0,0,0,0,2,48,1
0,1,0,0,0,0,0,0,2,50,1
0,1,0,0,0,0,0,0,46,4,1
0,1,0,0,0,0,0,0,46,5,1
0,1,0,0,0,0,0,0,47,2,1
0,1,0,0,0,0,0,0,47,3,1
0,1,0,0,0,0,0,0,47,4,1
0,1,0,0,0,0,0,0,48,1,3
0,1,0,0,0,0,0,0,48,2,1
0,1,0,0,0,0,0,0,49,0,12
0,1,0,0,0,0,0,0,50,0,8
0,1,0,0,0,0,0,0,50,1,3
0,1,0,0,0,0,0,0,51,0,9
0,1,0,0,0,0,0,0,52,0,5
0,1,0,0,0,0,0,0,53,0,1
0,1,0,0,0,0,0,0,9,40,1
0,1,0,0,0,0,0,1,0,48,5
0,1,0,0,0,0,0,1,0,49,3
0,1,0,0,0,0,0,1,0,50,3
0,1,0,0,0,0,0,1,0,52,1
0,1,0,0,0,0,0,1,0,53,1
0,1,0,0,0,0,0,1,0,56,1
0,1,0,0,0,0,0,1,1,47,1
0,1,0,0,0,0,0,1,48,0,2
0,1,0,0,0,0,0,1,50,0,1
0,1,0,0,0,0,0,1,51,0,1
0,1,0,0,0,0,0,49,0,0,6
0,1,0,0,0,0,0,50,0,0,3
0,1,0,0,0,0,0,51,0,0,3
0,1,0,0,0,0,0,51,0,1,1
0,1,0,0,0,0,0,52,0,0,1
0,1,0,0,0,0,1,0,0,51,1
0,1,0,0,0,0,1,0,49,1,1
0,1,0,0,0,0,1,49,1,0,1
0,1,0,0,0,0,1,53,0,0,1
0,1,0,0,0,0,50,0,0,0,3
0,1,0,0,0,0,52,0,0,0,1
0,1,0,0,0,0,7,0,0,43,1
0,1,0,0,0,1,0,0,0,48,1
0,1,0,0,0,1,0,0,0,50,1
0,1,0,0,0,1,0,0,1,48,1
0,1,0,0,0,1,0,0,1,54,2
0,1,0,0,0,1,0,0,43,6,1
0,1,0,0,0,1,0,0,50,1,1
0,1,0,0,0,1,0,49,0,0,1
0,1,0,0,0,1,0,52,0,0,1
0,1,0,0,0,1,2,0,48,0,1
0,1,0,0,0,1,51,0,0,0,1
0,1,0,0,0,1,52,0,0,1,1
0,1,0,0,0,2,0,0,49,0,1
0,1,0,0,0,48,0,0,0,1,1
0,1,0,0,0,49,0,0,0,0,3
0,1,0,0,0,50,0,0,0,0,3
0,1,0,0,0,50,0,1,0,0,1
0,1,0,0,0,50,1,0,0,0,1
0,1,0,0,0,51,0,0,0,0,1
0,1,0,0,0,52,0,0,0,0,1
0,1,0,0,0,53,0,0,0,0,1
0,1,0,0,1,0,0,0,0,48,1
0,1,0,0,1,0,0,0,0,49,1
0,1,0,0,1,0,0,0,0,50,3
0,1,0,0,1,0,0,0,0,51,2
0,1,0,0,1,0,0,0,47,1,1
0,1,0,0,1,0,0,0,48,2,1
0,1,0,0,1,0,0,0,50,0,1
0,1,0,0,1,0,0,49,0,0,1
0,1,0,0,1,0,0,51,0,0,1
0,1,0,0,1,0,0,53,0,0,1
0,1,0,0,1,0,49,0,0,0,1
0,1,0,0,1,48,0,0,0,0,1
0,1,0,0,2,10,0,36,1,0,1
0,1,0,0,45,0,0,4,0,0,1
0,1,0,0,46,1,1,1,0,0,1
0,1,0,0,47,1,0,3,0,0,1
0,1,0,0,48,0,0,0,0,1,1
0,1,0,0,48,1,0,1,0,0,1
0,1,0,0,48,2,0,0,0,0,1
0,1,0,0,49,0,0,0,0,0,2
0,1,0,0,49,0,0,1,0,0,1
0,1,0,0,50,0,0,0,0,0,2
0,1,0,0,50,1,0,0,0,0,1
0,1,0,1,0,0,0,0,0,49,3
0,1,0,1,0,0,0,0,0,50,4
0,1,0,1,0,0,0,0,49,0,1
0,1,0,1,0,0,0,0,50,0,2
0,1,0,1,0,0,0,1,0,47,1
0,1,0,1,0,0,0,50,0,0,1
0,1,0,1,0,0,0,51,0,0,1
0,1,0,1,0,1,0,0,47,0,1
0,1,0,1,0,48,0,0,0,0,1
0,1,0,1,0,49,0,0,0,0,2
0,1,0,1,0,51,0,1,0,0,1
0,1,0,1,1,1,0,46,0,0,1
0,1,0,1,46,0,2,1,0,0,1
0,1,0,1,47,2,0,0,0,0,1
0,1,0,2,0,1,0,0,0,46,1
0,1,0,2,0,1,0,4,1,41,1
0,1,0,2,46,0,0,1,0,0,1
0,1,0,24,6,15,0,3,0,1,1
0,1,0,3,47,0,0,0,0,0,1
0,1,0,32,7,6,0,4,0,0,1
0,1,0,33,5,11,0,0,1,1,1
0,1,0,37,0,10,0,1,0,1,1
0,1,0,39,0,9,0,0,1,0,1
0,1,0,41,0,6,4,0,0,0,1
0,1,0,41,0,8,0,0,0,0,1
0,1,0,45,0,1,2,1,0,0,1
0,1,0,45,0,2,2,0,0,0,1
0,1,0,46,0,4,1,0,0,0,1
0,1,0,47,0,2,0,0,0,1,1
0,1,0,48,0,3,1,0,0,0,1
0,1,0,49,0,1,0,0,0,0,1
0,1,0,5,1,43,0,0,0,0,1
0,1,0,50,0,0,0,0,0,0,3
0,1,0,50,0,1,0,0,0,0,1
0,1,0,50,1,0,0,0,0,0,1
0,1,0,51,0,0,0,0,0,0,2
0,1,0,51,0,0,0,0,0,1,1
0,1,0,53,0,0,0,0,0,0,2
0,1,0,56,0,0,0,0,0,0,1
0,1,1,0,0,0,0,0,0,48,2
0,1,1,0,0,0,0,0,0,49,1
0,1,1,0,0,0,0,0,0,51,1
0,1,1,0,0,0,0,0,1,47,1
0,1,1,0,0,0,0,0,2,46,1
0,1,1,0,0,0,0,0,49,0,4
0,1,1,0,0,0,0,0,51,0,1
0,1,1,0,0,0,0,0,54,0,1
0,1,1,0,0,0,0,54,0,1,1
0,1,1,0,0,0,48,0,0,0,1
0,1,1,0,0,0,52,0,0,0,1
0,1,1,0,0,47,1,0,0,0,1
0,1,1,0,40,8,1,0,0,0,1
0,1,1,0,51,0,0,0,0,0,1
0,1,1,1,0,0,0,0,0,49,1
0,1,1,1,0,0,0,0,1,47,1
0,1,1,1,0,0,49,0,0,0,1
0,1,1,1,46,0,2,3,0,0,1
0,1,1,2,0,1,8,0,37,1,1
0,1,1,25,0,24,1,0,0,0,1
0,1,1,37,1,10,0,0,0,0,1
0,1,1,46,0,2,0,0,0,0,1
0,1,1,47,0,0,1,0,0,0,1
0,1,1,48,0,1,0,0,0,0,1
0,1,1,49,0,0,0,0,0,0,1
0,1,1,49,1,1,0,0,0,0,1
0,1,12,1,7,6,23,2,0,0,1
0,1,12,2,19,7,2,8,0,0,1
0,1,13,17,3,14,1,1,1,0,1
0,1,15,22,4,0,9,0,0,0,1
0,1,17,15,1,1,14,2,0,0,1
0,1,2,0,0,0,49,0,0,0,1
0,1,2,0,0,0,50,0,0,0,1
0,1,2,0,43,0,7,0,0,0,1
0,1,2,1,0,1,0,46,0,0,1
0,1,2,39,0,8,0,0,0,0,1
0,1,2,44,0,0,0,0,4,0,1
0,1,22,1,7,1,18,0,0,0,1
0,1,26,3,2,5,6,0,8,2,1
0,1,3,0,0,0,0,46,1,0,1
0,1,3,1,0,48,0,0,0,0,1
0,1,3,10,0,35,0,1,0,0,1
0,1,3,7,0,39,0,1,0,0,1
0,1,35,1,0,1,14,0,0,0,1
0,1,35,2,7,0,4,0,1,1,1
0,1,4,1,0,0,45,1,0,0,1
0,1,4,1,1,0,44,0,1,0,1
0,1,41,3,3,1,0,1,0,0,1
0,1,45,2,0,0,4,0,0,0,1
0,1,45,2,1,0,1,0,0,0,1
0,1,45,2,1,1,0,0,0,1,1
0,1,46,0,0,0,3,0,0,0,1
0,1,46,0,0,3,1,0,0,0,1
0,1,46,1,1,0,2,0,0,0,1
0,1,47,0,1,0,1,0,0,0,1
0,1,47,2,2,0,0,0,0,0,1
0,1,48,0,0,0,0,0,1,0,1
0,1,48,0,0,0,1,0,0,0,1
0,1,48,0,0,1,2,0,0,0,1
0,1,48,0,1,0,0,0,0,0,1
0,1,49,0,0,0,0,0,0,0,3
0,1,49,0,1,0,0,0,0,0,1
0,1,49,2,0,0,0,0,0,0,1
0,1,5,35,0,9,1,0,0,0,1
0,1,50,0,0,0,0,0,0,0,2
0,1,50,0,0,0,0,1,0,0,1
0,1,50,0,0,0,1,0,0,0,1
0,1,51,0,0,0,0,0,0,0,3
0,1,52,0,0,0,0,0,0,0,2
0,1,55,0,0,0,0,0,0,0,1
0,1,58,0,0,0,0,0,0,0,1
0,1,6,0,0,0,24,0,19,1,1
0,1,7,37,2,2,1,0,0,0,1
0,1,7,42,0,0,0,0,0,0,1
0,1,8,30,0,3,7,0,1,1,1
0,1,9,12,0,5,25,0,0,0,1
0,10,0,0,0,0,0,0,0,44,1
0,10,0,0,0,0,0,0,1,42,1
0,11,0,0,0,0,0,0,0,41,1
0,11,0,0,1,0,0,0,1,41,1
0,13,0,0,0,0,0,0,0,37,3
0,13,0,0,0,0,0,0,0,42,1
0,13,0,0,0,1,0,1,0,37,1
0,14,0,0,0,0,0,0,0,36,1
0,14,0,0,0,0,0,0,0,38,1
0,14,0,0,0,0,0,0,0,45,1
0,14,0,0,1,0,0,0,0,38,1
0,15,0,0,0,0,0,0,0,35,1
0,15,0,0,0,0,0,1,0,35,1
0,17,0,1,0,0,0,0,0,34,1
0,18,0,0,0,0,0,0,0,33,1
0,2,0,0,0,0,0,0,0,48,10
0,2,0,0,0,0,0,0,0,49,16
0,2,0,0,0,0,0,0,0,50,8
0,2,0,0,0,0,0,0,0,51,6
0,2,0,0,0,0,0,0,0,52,1
0,2,0,0,0,0,0,0,0,57,1
0,2,0,0,0,0,0,0,2,47,1
0,2,0,0,0,0,0,0,2,48,1
0,2,0,0,0,0,0,0,4,44,1
0,2,0,0,0,0,0,0,4,46,1
0,2,0,0,0,0,0,0,49,0,1
0,2,0,0,0,0,0,0,49,1,1
0,2,0,0,0,0,0,0,51,0,1
0,2,0,0,0,0,0,0,53,0,1
0,2,0,0,0,0,0,1,0,51,1
0,2,0,0,0,0,0,1,48,0,1
0,2,0,0,0,0,1,0,0,48,1
0,2,0,0,0,0,1,0,0,50,1
0,2,0,0,0,0,1,0,49,0,1
0,2,0,0,0,0,1,1,0,46,1
0,2,0,0,0,1,0,0,0,48,2
0,2,0,0,0,1,0,0,0,49,1
0,2,0,0,0,1,0,0,50,0,1
0,2,0,0,0,1,2,0,46,2,1
0,2,0,0,0,46,0,1,1,0,1
0,2,0,0,1,0,0,0,0,49,1
0,2,0,0,1,0,1,0,48,0,1
0,2,0,0,30,0,0,21,0,0,1
0,2,0,0,47,0,0,5,0,0,1
0,2,0,1,0,0,0,0,0,47,1
0,2,0,1,0,0,0,0,0,48,1
0,2,0,1,0,0,0,0,0,50,1
0,2,0,1,0,1,0,0,0,48,1
0,2,0,44,0,1,0,0,0,7,1
0,2,1,0,0,0,0,0,0,47,1
0,2,2,0,0,0,0,0,50,0,1
0,2,40,0,0,1,1,4,1,1,1
0,20,0,0,0,0,0,0,0,31,1
0,20,0,0,0,1,0,2,1,26,1
0,20,0,1,0,0,0,0,0,30,1
0,21,0,0,0,0,0,0,0,31,1
0,21,0,0,0,0,0,0,1,29,1
0,23,0,0,0,0,0,0,0,27,1
0,23,0,0,0,0,0,0,0,28,1
0,26,0,0,0,0,0,0,0,27,1
0,26,0,19,0,6,0,0,1,0,1
0,27,0,1,0,0,0,0,0,29,1
0,29,0,0,0,0,0,0,0,23,1
0,3,0,0,0,0,0,0,0,47,7
0,3,0,0,0,0,0,0,0,48,3
0,3,0,0,0,0,0,0,0,49,2
0,3,0,0,0,0,0,0,0,50,2
0,3,0,0,0,0,0,0,1,46,2
0,3,0,0,0,0,0,0,10,38,1
0,3,0,0,0,0,0,0,26,22,1
0,3,0,0,0,0,0,0,48,1,1
0,3,0,0,0,0,0,1,0,47,1
0,3,0,0,0,0,1,0,1,45,1
0,3,0,0,1,0,0,0,0,46,2
0,3,1,0,0,0,0,0,0,47,1
0,3,1,1,32,0,1,2,4,6,1
0,3,41,5,0,0,0,1,0,0,1
0,3,44,0,0,0,0,3,0,1,1
0,32,0,0,0,0,0,0,0,18,1
0,32,0,1,0,0,0,0,0,17,1
0,33,0,0,0,0,0,0,0,17,1
0,33,0,0,0,0,0,0,7,12,1
0,33,0,0,0,0,1,0,1,17,1
0,33,0,1,0,0,0,0,0,16,1
0,34,0,0,0,0,0,0,0,17,1
0,35,0,0,0,0,0,0,0,15,1
0,35,0,0,0,0,0,0,0,16,1
0,37,0,0,0,0,0,0,0,14,1
0,38,0,0,0,0,0,0,0,13,1
0,38,1,0,0,0,0,0,0,13,1
0,39,0,0,0,0,0,0,0,11,2
0,39,0,0,0,0,0,0,1,11,1
0,39,0,0,0,0,1,0,0,10,1
0,4,0,0,0,0,0,0,0,46,4
0,4,0,0,0,0,0,0,0,47,3
0,4,0,0,0,0,0,0,0,49,2
0,4,0,0,0,0,0,0,1,46,1
0,4,0,0,0,0,0,0,1,47,1
0,4,0,0,0,0,0,0,11,36,1
0,4,0,0,0,1,0,0,1,45,1
0,4,0,0,1,0,0,0,0,52,1
0,4,4,8,19,10,2,0,0,3,1
0,40,0,0,0,0,0,0,0,11,1
0,40,0,0,0,0,0,0,0,12,3
0,40,1,0,0,0,0,0,0,10,1
0,41,0,0,0,0,0,0,0,9,1
0,41,0,0,0,0,1,0,0,9,1
0,41,0,0,1,0,0,0,0,9,1
0,42,0,0,0,0,0,0,0,10,1
0,42,0,0,0,0,0,0,0,8,1
0,42,0,0,0,0,0,0,0,9,2
0,42,0,1,0,0,0,0,0,7,1
0,42,1,0,0,1,0,0,0,7,1
0,43,0,0,0,0,0,0,0,7,3
0,43,0,0,0,0,0,0,0,8,1
0,43,0,0,0,0,0,0,0,9,2
0,44,0,0,0,0,0,0,0,6,2
0,44,0,0,0,0,0,0,0,8,1
0,44,0,0,1,0,0,0,0,6,1
0,45,0,0,0,0,0,0,0,5,3
0,45,0,0,0,0,0,0,0,6,3
0,45,0,0,0,0,0,0,0,7,2
0,45,0,1,0,0,0,0,0,4,1
0,45,0,1,0,0,0,0,0,6,1
0,46,0,0,0,0,0,0,0,4,2
0,46,0,0,0,0,0,0,0,5,5
0,46,0,0,0,0,0,0,0,6,1
0,46,0,0,0,0,0,0,0,7,2
0,46,0,0,0,0,0,0,1,3,1
0,46,0,0,0,0,0,0,1,5,1
0,46,0,0,0,1,0,0,0,3,1
0,46,0,1,0,0,0,0,0,4,1
0,46,0,1,0,0,0,0,0,5,1
0,46,0,1,1,0,0,0,0,2,1
0,46,0,1,1,0,0,0,0,4,1
0,47,0,0,0,0,0,0,0,3,3
0,47,0,0,0,0,0,0,0,4,5
0,47,0,0,0,0,0,0,0,5,2
0,47,0,0,0,0,0,0,0,6,2
0,47,0,0,0,1,0,0,0,2,1
0,47,0,0,1,0,0,0,0,3,1
0,47,0,1,0,0,0,0,0,2,1
0,48,0,0,0,0,0,0,0,2,6
0,48,0,0,0,0,0,0,0,3,6
0,48,0,0,0,0,0,0,0,4,1
0,48,0,0,0,0,0,1,0,1,2
0,48,0,0,0,0,0,1,0,2,1
0,48,0,0,0,0,1,0,0,3,1
0,48,0,0,0,1,0,0,0,1,1
0,48,0,0,1,0,0,0,0,1,3
0,48,0,0,1,0,0,0,1,0,1
0,48,0,1,0,0,0,0,0,1,2
0,48,0,1,0,0,0,0,0,2,1
0,48,0,1,0,0,0,0,1,0,1
0,48,0,1,1,0,0,0,0,0,1
0,48,0,1,1,0,0,0,0,1,1
0,48,1,0,0,0,0,0,0,2,1
0,48,1,1,0,0,0,0,1,0,1
0,48,2,0,0,0,0,0,0,0,1
0,49,0,0,0,0,0,0,0,1,29
0,49,0,0,0,0,0,0,0,2,11
0,49,0,0,0,0,0,0,0,3,9
0,49,0,0,0,0,0,0,0,4,1
0,49,0,0,0,0,0,0,1,0,5
0,49,0,0,0,0,0,0,1,1,1
0,49,0,0,0,0,0,0,2,0,1
0,49,0,0,0,0,0,1,0,0,2
0,49,0,0,0,0,1,0,0,0,3
0,49,0,0,0,0,1,0,0,1,1
0,49,0,0,0,0,1,0,0,3,1
0,49,0,0,0,1,0,0,0,0,6
0,49,0,0,0,1,0,0,0,2,2
0,49,0,0,0,1,0,0,1,1,1
0,49,0,0,0,1,0,1,0,0,1
0,49,0,0,1,0,0,0,0,0,13
0,49,0,0,1,0,0,0,0,1,2
0,49,0,0,1,0,0,0,0,2,1
0,49,0,1,0,0,0,0,0,0,7
0,49,0,1,0,0,0,0,0,1,1
0,49,0,1,0,0,1,0,0,0,1
0,49,0,2,0,0,0,0,0,0,3
0,49,1,0,0,0,0,0,0,0,4
0,49,1,0,0,0,0,0,0,1,1
0,49,1,0,0,1,0,0,0,1,1
0,5,0,0,0,0,0,0,0,45,3
0,5,0,0,0,0,0,0,0,46,2
0,5,0,0,0,0,0,0,0,47,2
0,5,0,0,0,0,0,0,0,49,1
0,5,0,0,0,0,0,0,1,46,1
0,5,0,0,0,0,0,0,44,1,1
0,5,0,5,0,0,5,0,6,29,1
0,5,1,0,0,0,0,0,0,45,1
0,5,1,1,0,0,0,0,37,6,1
0,50,0,0,0,0,0,0,0,0,115
0,50,0,0,0,0,0,0,0,1,49
0,50,0,0,0,0,0,0,0,2,9
0,50,0,0,0,0,0,0,0,3,2
0,50,0,0,0,0,0,0,1,0,5
0,50,0,0,0,0,0,0,1,1,2
0,50,0,0,0,0,0,0,2,0,1
0,50,0,0,0,0,0,1,0,0,8
0,50,0,0,0,0,0,1,0,1,2
0,50,0,0,0,0,1,0,0,0,6
0,50,0,0,0,0,1,0,0,1,1
0,50,0,0,0,0,1,0,1,0,1
0,50,0,0,0,1,0,0,0,0,7
0,50,0,0,0,1,0,0,0,1,2
0,50,0,0,0,1,0,1,0,1,1
0,50,0,0,1,0,0,0,0,0,11
0,50,0,0,1,0,0,0,0,1,2
0,50,0,0,1,0,0,0,1,2,1
0,50,0,1,0,0,0,0,0,0,18
0,50,0,1,0,0,0,0,0,1,4
0,50,0,1,0,0,1,0,0,0,1
0,50,0,1,0,1,0,0,0,0,1
0,50,0,2,0,0,0,0,0,0,1
0,50,0,2,0,0,1,1,0,3,1
0,50,1,0,0,0,0,0,0,0,8
0,50,1,0,0,0,0,0,0,1,1
0,50,1,0,0,0,0,0,0,2,1
0,51,0,0,0,0,0,0,0,0,156
0,51,0,0,0,0,0,0,0,1,29
0,51,0,0,0,0,0,0,0,2,3
0,51,0,0,0,0,0,0,1,0,7
0,51,0,0,0,0,0,0,1,1,1
0,51,0,0,0,0,0,1,0,0,4
0,51,0,0,0,0,1,0,0,0,4
0,51,0,0,0,0,1,0,0,1,2
0,51,0,0,0,1,0,0,0,0,6
0,51,0,0,0,1,0,0,0,1,1
0,51,0,0,1,0,0,0,0,0,3
0,51,0,1,0,0,0,0,0,0,9
0,51,1,0,0,0,0,0,0,0,4
0,51,1,0,0,0,1,0,0,0,1
0,52,0,0,0,0,0,0,0,0,82
0,52,0,0,0,0,0,0,0,1,10
0,52,0,0,0,0,0,0,0,2,1
0,52,0,0,0,0,0,0,0,3,1
0,52,0,0,0,0,0,0,1,0,2
0,52,0,0,0,0,0,1,0,0,1
0,52,0,0,0,0,1,0,0,0,1
0,52,0,0,0,1,0,0,0,0,4
0,52,0,0,1,0,0,0,0,0,4
0,52,0,1,0,0,0,0,0,0,5
0,52,0,1,0,0,0,0,1,0,1
0,52,1,0,0,0,0,0,0,0,1
0,53,0,0,0,0,0,0,0,0,41
0,53,0,0,0,0,0,0,0,1,6
0,53,0,0,0,0,0,0,1,0,1
0,53,0,0,0,0,0,1,0,0,1
0,53,0,0,1,0,0,0,0,0,1
0,53,0,1,0,0,0,0,0,0,2
0,53,1,0,0,0,0,0,0,0,1
0,54,0,0,0,0,0,0,0,0,14
0,54,0,0,0,0,0,0,1,0,1
0,54,0,0,1,1,0,0,0,0,1
0,55,0,0,0,0,0,0,0,0,4
0,56,0,0,0,1,0,0,0,0,2
0,56,0,0,1,0,0,0,0,2,1
0,56,0,1,0,0,0,0,0,0,1
0,57,0,0,0,0,0,0,0,0,5
0,57,0,0,0,0,0,0,1,1,1
0,58,0,0,0,0,0,0,0,0,2
0,59,0,0,0,0,0,0,0,0,1
0,6,0,0,0,0,0,0,0,44,1
0,6,0,0,0,0,0,0,0,47,1
0,6,0,0,0,0,0,0,1,44,1
0,6,0,0,0,1,0,0,0,45,1
0,6,1,0,0,0,0,0,0,45,1
0,60,0,0,0,0,0,0,0,0,1
0,7,0,0,0,0,0,0,0,43,1
0,7,0,0,0,0,0,0,0,44,3
0,7,0,0,0,0,0,0,0,45,1
0,7,0,0,0,0,0,0,1,43,1
0,7,0,0,0,0,0,1,0,43,1
0,8,0,0,0,0,0,0,0,43,1
0,8,0,0,0,0,0,0,0,44,3
0,8,0,1,0,0,0,0,0,44,1
0,9,0,0,0,0,0,0,0,41,3
0,9,0,0,23,0,0,18,0,0,1
1,0,0,0,0,0,0,0,0,49,6
1,0,0,0,0,0,0,0,0,50,2
1,0,0,0,0,0,0,0,0,51,10
1,0,0,0,0,0,0,0,0,52,6
1,0,0,0,0,0,0,0,0,55,1
1,0,0,0,0,0,0,0,1,49,2
1,0,0,0,0,0,0,0,1,52,1
1,0,0,0,0,0,0,0,34,16,1
1,0,0,0,0,0,0,0,37,14,1
1,0,0,0,0,0,0,0,47,5,1
1,0,0,0,0,0,0,0,48,1,4
1,0,0,0,0,0,0,0,49,0,40
1,0,0,0,0,0,0,0,49,1,4
1,0,0,0,0,0,0,0,49,2,2
1,0,0,0,0,0,0,0,50,0,49
1,0,0,0,0,0,0,0,50,1,6
1,0,0,0,0,0,0,0,51,0,31
1,0,0,0,0,0,0,0,51,1,1
1,0,0,0,0,0,0,0,52,0,10
1,0,0,0,0,0,0,0,53,0,3
1,0,0,0,0,0,0,0,54,0,1
1,0,0,0,0,0,0,0,56,1,1
1,0,0,0,0,0,0,0,57,0,1
1,0,0,0,0,0,0,0,58,0,1
1,0,0,0,0,0,0,0,6,44,1
1,0,0,0,0,0,0,1,0,49,1
1,0,0,0,0,0,0,1,47,1,1
1,0,0,0,0,0,0,1,48,0,1
1,0,0,0,0,0,0,1,49,0,3
1,0,0,0,0,0,0,1,50,0,2
1,0,0,0,0,0,0,1,51,0,1
1,0,0,0,0,0,0,49,0,0,2
1,0,0,0,0,0,0,49,0,1,2
1,0,0,0,0,0,0,49,1,0,1
1,0,0,0,0,0,0,50,0,0,7
1,0,0,0,0,0,0,51,0,0,2
1,0,0,0,0,0,0,53,0,0,1
1,0,0,0,0,0,1,0,0,48,1
1,0,0,0,0,0,1,0,48,0,2
1,0,0,0,0,0,1,0,50,0,1
1,0,0,0,0,0,1,0,51,0,1
1,0,0,0,0,0,2,0,47,0,1
1,0,0,0,0,0,3,0,45,1,1
1,0,0,0,0,0,49,0,0,0,5
1,0,0,0,0,0,50,0,0,0,4
1,0,0,0,0,0,51,0,0,0,3
1,0,0,0,0,1,0,0,46,2,1
1,0,0,0,0,1,0,0,47,1,1
1,0,0,0,0,1,0,0,48,0,2
1,0,0,0,0,1,0,0,49,0,2
1,0,0,0,0,1,0,0,50,0,1
1,0,0,0,0,1,0,0,51,0,2
1,0,0,0,0,1,0,1,47,1,1
1,0,0,0,0,1,0,50,0,0,1
1,0,0,0,0,1,1,1,48,0,1
1,0,0,0,0,3,0,0,46,0,1
1,0,0,0,0,3,1,47,0,0,1
1,0,0,0,0,46,1,1,0,1,1
1,0,0,0,0,47,1,0,1,0,1
1,0,0,0,0,48,1,1,0,0,1
1,0,0,0,0,49,0,0,0,0,4
1,0,0,0,0,50,0,0,0,0,1
1,0,0,0,0,51,0,0,0,0,1
1,0,0,0,0,53,0,0,0,1,1
1,0,0,0,0,56,0,0,0,0,1
1,0,0,0,1,0,0,0,0,48,1
1,0,0,0,1,0,0,0,47,1,1
1,0,0,0,1,0,0,0,49,0,1
1,0,0,0,1,0,0,0,49,1,1
1,0,0,0,1,0,0,0,50,0,1
1,0,0,0,1,0,0,0,50,1,1
1,0,0,0,1,0,0,48,1,0,1
1,0,0,0,1,0,0,49,0,0,1
1,0,0,0,1,0,48,0,0,0,1
1,0,0,0,1,0,49,0,0,0,2
1,0,0,0,1,0,51,0,0,0,1
1,0,0,0,2,0,0,49,0,0,1
1,0,0,0,2,0,1,0,47,1,1
1,0,0,0,23,1,0,25,0,0,1
1,0,0,0,33,0,0,17,0,0,1
1,0,0,0,34,0,0,16,0,0,1
1,0,0,0,4,0,47,1,0,0,1
1,0,0,0,42,0,0,8,0,0,1
1,0,0,0,43,2,0,6,0,0,1
1,0,0,0,44,0,0,3,0,2,1
1,0,0,0,45,0,0,5,0,0,1
1,0,0,0,47,0,0,4,0,0,1
1,0,0,0,48,0,1,0,0,0,1
1,0,0,0,48,1,0,1,0,0,1
1,0,0,0,49,0,0,0,0,0,3
1,0,0,0,50,0,0,0,0,0,1
1,0,0,0,50,0,0,1,3,0,1
1,0,0,0,50,0,1,0,0,0,1
1,0,0,0,50,1,0,2,0,0,1
1,0,0,0,51,0,0,0,0,0,4
1,0,0,0,52,0,0,0,0,0,1
1,0,0,1,0,0,0,0,0,49,1
1,0,0,1,0,0,0,0,1,49,1
1,0,0,1,0,0,0,0,48,0,4
1,0,0,1,0,0,0,0,49,0,5
1,0,0,1,0,0,0,0,49,1,1
1,0,0,1,0,0,0,0,50,0,1
1,0,0,1,0,0,0,0,51,0,1
1,0,0,1,0,0,0,0,52,0,1
1,0,0,1,0,0,0,53,0,0,1
1,0,0,1,0,0,1,0,47,0,1
1,0,0,1,0,0,48,0,0,0,1
1,0,0,1,0,0,49,0,0,0,1
1,0,0,1,0,1,0,0,46,2,1
1,0,0,1,0,1,0,0,51,0,1
1,0,0,1,0,1,0,47,0,0,1
1,0,0,1,0,48,0,0,0,0,1
1,0,0,1,0,49,0,0,0,0,1
1,0,0,1,0,49,1,0,0,0,1
1,0,0,1,1,45,2,0,0,0,1
1,0,0,1,2,1,46,0,0,0,1
1,0,0,1,48,0,0,0,0,0,1
1,0,0,1,48,1,0,0,0,0,1
1,0,0,1,48,1,0,2,0,0,1
1,0,0,10,25,13,0,0,1,0,1
1,0,0,11,0,40,0,0,0,0,1
1,0,0,12,0,38,0,0,0,0,1
1,0,0,2,0,0,47,0,0,0,1
1,0,0,2,0,46,1,0,0,0,1
1,0,0,28,17,2,3,1,0,0,1
1,0,0,29,7,14,1,0,0,0,1
1,0,0,3,0,2,1,0,44,0,1
1,0,0,3,0,45,1,0,1,0,1
1,0,0,41,0,9,1,0,0,0,1
1,0,0,42,0,4,3,0,0,0,1
1,0,0,47,0,2,0,0,0,0,1
1,0,0,47,0,2,1,0,0,0,2
1,0,0,47,0,4,0,0,0,0,1
1,0,0,48,0,0,1,0,0,0,1
1,0,0,48,1,1,0,0,0,0,1
1,0,0,49,0,0,0,0,0,0,4
1,0,0,49,0,1,0,0,0,0,2
1,0,0,49,0,2,0,0,0,0,1
1,0,0,49,1,1,0,0,0,0,1
1,0,0,50,0,0,0,0,0,0,2
1,0,0,51,0,0,0,0,0,0,2
1,0,0,51,0,1,0,0,0,0,1
1,0,0,53,0,0,0,0,0,0,1
1,0,1,0,0,0,0,0,48,0,1
1,0,1,0,0,0,0,0,49,0,5
1,0,1,0,0,0,0,0,50,0,3
1,0,1,0,0,0,0,48,0,0,1
1,0,1,0,0,0,1,0,51,0,1
1,0,1,0,0,0,50,0,0,0,1
1,0,1,0,0,48,0,0,0,0,2
1,0,1,0,0,49,0,1,0,0,1
1,0,1,0,0,5,1,0,0,42,1
1,0,1,0,0,51,0,0,0,0,1
1,0,1,0,0,51,0,0,1,0,1
1,0,1,0,0,52,0,0,0,0,1
1,0,1,0,1,0,49,0,0,0,1
1,0,1,0,33,0,0,23,0,0,1
1,0,1,0,37,2,0,11,0,0,1
1,0,1,0,48,1,0,2,0,0,1
1,0,1,0,50,0,0,0,0,0,1
1,0,1,0,51,0,0,0,0,0,1
1,0,1,0,51,1,0,0,0,0,1
1,0,1,1,0,0,48,0,0,0,1
1,0,1,1,1,0,0,0,45,2,1
1,0,1,1,48,0,0,0,0,0,1
1,0,1,1,48,1,1,0,0,0,1
1,0,1,16,0,7,33,0,0,0,1
1,0,1,2,35,0,1,0,11,0,1
1,0,1,3,0,46,0,0,0,0,1
1,0,1,35,1,6,7,0,0,0,1
1,0,1,35,1,7,1,2,1,1,1
1,0,1,4,0,44,1,0,0,0,1
1,0,1,47,1,2,0,0,0,0,1
1,0,10,0,0,0,0,41,2,0,1
1,0,11,1,0,0,1,0,37,0,1
1,0,2,0,0,0,47,0,0,0,1
1,0,2,0,45,1,0,1,0,0,1
1,0,2,0,46,0,1,0,0,0,1
1,0,2,0,50,1,1,2,0,0,1
1,0,2,1,0,0,49,0,0,0,1
1,0,2,1,1,0,44,1,1,0,1
1,0,2,17,18,12,2,0,0,0,1
1,0,2,6,1,40,0,0,0,0,1
1,0,28,2,1,15,2,1,0,0,1
1,0,29,7,1,9,0,2,2,0,1
1,0,3,0,37,0,1,0,9,0,1
1,0,3,2,43,1,1,1,0,0,1
1,0,3,2,5,0,44,0,0,0,1
1,0,3,35,1,11,0,0,0,0,1
1,0,3,42,1,3,0,0,0,0,1
1,0,36,0,2,4,4,2,3,0,1
1,0,36,12,0,1,0,0,0,0,1
1,0,36,2,1,0,11,0,1,0,1
1,0,4,37,4,1,0,4,0,0,1
1,0,4,38,5,0,5,0,0,0,1
1,0,40,1,1,0,8,0,0,0,1
1,0,40,6,1,2,3,0,0,0,1
1,0,41,0,1,5,0,1,0,1,1
1,0,45,3,0,1,2,0,0,0,1
1,0,46,0,4,0,1,0,0,0,1
1,0,47,0,3,0,0,0,0,0,1
1,0,47,1,0,1,0,0,0,0,1
1,0,47,1,1,0,2,0,0,0,1
1,0,48,0,0,0,0,1,0,0,1
1,0,48,0,0,0,1,0,0,0,1
1,0,48,0,0,1,0,0,0,0,1
1,0,48,0,1,0,1,0,0,0,1
1,0,48,0,2,0,0,0,0,0,1
1,0,48,0,2,1,0,0,0,0,1
1,0,48,1,0,0,0,0,0,0,2
1,0,48,1,0,0,0,0,1,0,1
1,0,49,0,0,0,0,0,0,0,7
1,0,49,0,0,0,0,1,0,0,1
1,0,49,0,0,0,1,0,0,0,1
1,0,49,0,0,0,3,0,0,0,1
1,0,49,0,1,0,0,0,0,0,1
1,0,49,1,0,0,0,0,0,0,3
1,0,5,1,40,4,0,0,0,0,1
1,0,50,0,0,0,0,0,0,0,7
1,0,50,0,0,0,0,0,1,0,1
1,0,50,0,0,0,1,0,0,0,1
1,0,50,0,0,1,0,0,0,0,2
1,0,50,0,1,0,1,0,0,0,1
1,0,51,0,0,0,0,0,0,0,4
1,0,51,0,0,0,1,0,0,0,1
1,0,51,0,0,1,0,0,0,0,1
1,0,51,0,1,0,0,0,0,0,1
1,0,52,0,0,0,0,0,0,0,1
1,0,52,0,0,1,1,1,0,0,1
1,0,53,0,1,0,0,0,0,0,1
1,0,55,0,0,1,0,0,0,0,1
1,0,56,0,0,0,0,0,0,0,1
1,0,56,0,0,0,2,0,0,0,1
1,0,58,0,0,1,0,0,1,0,1
1,0,6,0,45,0,0,1,0,0,1
1,0,7,0,3,3,45,0,0,0,1
1,1,0,0,0,0,0,0,0,48,2
1,1,0,0,0,0,0,0,0,49,2
1,1,0,0,0,0,0,0,0,50,1
1,1,0,0,0,0,0,0,0,51,1
1,1,0,0,0,0,0,0,0,54,1
1,1,0,0,0,0,0,0,0,56,1
1,1,0,0,0,0,0,0,1,47,1
1,1,0,0,0,0,0,0,3,47,1
1,1,0,0,0,0,0,0,44,4,1
1,1,0,0,0,0,0,0,48,0,5
1,1,0,0,0,0,0,0,49,0,4
1,1,0,0,0,0,0,0,51,0,2
1,1,0,0,0,0,0,0,51,1,1
1,1,0,0,0,0,0,0,55,0,1
1,1,0,0,0,0,0,1,2,46,1
1,1,0,0,0,0,0,1,47,0,1
1,1,0,0,0,0,52,0,0,0,1
1,1,0,0,0,1,0,0,0,48,1
1,1,0,0,0,1,0,0,48,0,1
1,1,0,0,1,0,0,0,46,1,1
1,1,0,0,45,3,0,0,0,0,1
1,1,0,0,50,1,0,0,0,0,1
1,1,0,1,0,0,0,0,47,0,1
1,1,0,1,0,0,0,1,0,46,1
1,1,0,23,0,27,0,0,0,0,1
1,1,0,49,0,0,0,0,0,0,1
1,1,1,0,0,1,0,0,46,1,1
1,1,1,0,43,0,1,1,0,2,1
1,1,1,1,0,0,0,0,49,0,1
1,1,2,0,39,0,1,0,5,2,1
1,1,2,1,43,2,0,0,1,0,1
1,1,2,44,0,1,0,0,0,1,1
1,1,2,47,0,1,0,0,0,0,1
1,1,29,5,2,4,3,5,1,1,1
1,1,34,2,5,1,0,0,7,0,1
1,1,4,0,44,0,0,0,0,1,1
1,1,42,0,1,1,6,0,0,0,1
1,1,50,1,1,4,0,0,1,0,1
1,1,6,0,46,0,5,0,1,0,1
1,12,0,0,0,0,0,0,0,38,1
1,18,0,0,0,0,0,0,0,31,1
1,2,0,0,0,0,0,0,0,48,2
1,2,0,0,0,0,0,0,0,50,1
1,2,0,0,0,0,0,0,0,54,1
1,2,0,0,0,0,0,0,1,46,1
1,2,0,0,0,0,0,0,46,2,1
1,2,0,0,0,0,0,0,50,0,1
1,2,0,0,0,1,0,1,45,1,1
1,2,0,0,1,1,0,0,47,0,1
1,22,0,0,0,0,0,0,0,30,1
1,23,0,0,0,0,0,0,0,27,1
1,3,0,0,0,0,0,0,0,46,1
1,3,1,0,0,0,0,0,0,47,1
1,3,1,0,0,0,0,0,33,12,1
1,3,6,6,9,9,13,0,3,2,1
1,38,0,0,0,0,0,1,0,11,1
1,39,0,0,0,0,0,0,0,12,1
1,4,0,0,0,0,0,0,0,45,1
1,4,7,24,1,17,1,0,2,1,1
1,42,0,0,0,0,0,0,0,8,1
1,44,1,0,0,0,0,0,0,5,1
1,45,2,0,0,1,2,0,0,1,1
1,46,0,0,0,0,0,1,0,3,1
1,47,0,0,0,0,0,0,0,2,1
1,47,0,0,0,0,1,0,0,1,1
1,48,0,0,0,0,0,0,0,1,6
1,48,0,0,0,0,0,0,0,2,2
1,48,0,0,0,1,0,0,0,3,1
1,48,0,0,1,0,0,0,0,0,1
1,48,1,0,0,0,0,0,0,0,1
1,49,0,0,0,0,0,0,0,0,6
1,49,0,0,0,0,0,0,0,1,3
1,49,0,0,0,0,0,0,0,2,1
1,49,0,0,1,0,0,0,0,0,2
1,49,0,1,0,0,0,0,0,1,1
1,5,1,0,1,0,0,0,43,1,1
1,50,0,0,0,0,0,0,0,0,18
1,50,0,0,0,0,0,0,0,1,4
1,50,0,1,0,0,0,0,0,0,1
1,50,0,1,0,0,0,0,0,1,1
1,51,0,0,0,0,0,0,0,0,8
1,51,0,0,0,0,0,0,0,1,1
1,51,0,0,0,0,0,0,1,1,1
1,51,0,0,0,1,0,0,0,1,1
1,51,0,1,0,0,0,0,0,0,1
1,52,0,0,0,0,0,0,0,0,3
1,52,0,0,0,0,0,0,0,1,2
1,52,0,0,0,0,1,0,0,0,1
1,53,0,0,0,0,0,0,0,0,2
1,55,0,0,0,0,0,0,0,0,1
1,8,0,0,0,0,0,0,0,42,1
1,9,0,0,0,0,0,0,0,43,1
11,4,0,0,0,1,0,0,11,24,1
13,1,0,0,0,0,0,0,38,0,1
16,0,2,0,0,2,0,31,0,0,1
16,1,0,0,0,0,0,0,33,0,1
16,1,1,0,0,0,0,0,31,4,1
17,0,0,5,0,5,1,1,22,0,1
17,1,0,0,0,0,0,0,36,1,1
18,0,0,1,0,0,0,0,31,0,1
19,1,1,0,25,1,0,0,6,0,1
2,0,0,0,0,0,0,0,0,49,1
2,0,0,0,0,0,0,0,0,50,1
2,0,0,0,0,0,0,0,44,4,1
2,0,0,0,0,0,0,0,46,2,1
2,0,0,0,0,0,0,0,47,1,1
2,0,0,0,0,0,0,0,48,0,8
2,0,0,0,0,0,0,0,48,1,1
2,0,0,0,0,0,0,0,49,0,6
2,0,0,0,0,0,0,0,50,0,5
2,0,0,0,0,0,0,0,50,1,1
2,0,0,0,0,0,0,0,51,0,4
2,0,0,0,0,0,0,0,52,0,1
2,0,0,0,0,0,0,0,53,0,1
2,0,0,0,0,0,0,1,48,0,1
2,0,0,0,0,0,1,0,48,0,1
2,0,0,0,0,0,1,0,49,1,1
2,0,0,0,0,1,0,0,0,49,1
2,0,0,0,0,1,0,0,47,0,1
2,0,0,0,0,1,0,50,0,0,1
2,0,0,0,1,0,0,0,47,0,2
2,0,0,0,1,0,0,0,47,1,1
2,0,0,0,1,34,0,18,0,0,1
2,0,0,0,48,0,0,0,0,0,1
2,0,0,0,49,0,0,0,0,0,1
2,0,0,1,0,0,0,0,1,48,1
2,0,0,1,0,0,0,0,46,1,1
2,0,0,1,0,0,0,0,47,0,1
2,0,0,37,0,9,1,1,1,0,1
2,0,0,53,0,0,0,0,0,0,1
2,0,1,0,0,0,1,0,46,0,1
2,0,1,0,0,0,4,0,45,0,1
2,0,1,34,1,6,4,2,0,0,1
2,0,1,44,0,1,1,0,2,0,1
2,0,1,47,0,2,1,0,0,0,1
2,0,2,20,0,27,1,0,0,0,1
2,0,21,1,20,1,3,2,1,0,1
2,0,45,0,0,0,3,0,0,0,1
2,0,45,1,0,0,2,0,0,0,1
2,0,46,0,1,0,0,0,2,0,1
2,0,48,0,0,0,0,0,0,0,2
2,0,48,0,0,0,1,0,1,0,1
2,0,48,0,0,1,0,0,0,0,1
2,0,49,0,0,0,0,0,0,0,1
2,0,49,0,1,0,0,0,0,0,1
2,0,5,0,0,0,0,39,3,2,1
2,0,50,0,0,0,0,0,0,0,1
2,0,54,0,0,0,0,0,0,0,1
2,1,0,0,0,0,0,0,47,0,2
2,1,0,0,0,0,0,0,48,0,1
2,1,0,0,0,0,0,0,49,0,1
2,1,0,0,0,0,0,1,54,0,1
2,1,0,0,0,0,1,0,48,0,1
2,1,0,0,0,1,0,0,49,0,1
2,1,0,1,0,0,0,0,49,0,1
2,1,1,1,0,0,0,0,47,1,1
2,1,2,0,0,1,0,0,2,44,1
2,1,47,0,0,0,0,0,0,0,1
2,2,0,1,0,4,0,0,41,0,1
2,2,6,21,0,1,3,0,15,1,1
2,3,31,2,3,1,1,2,1,4,1
2,4,1,0,0,0,0,0,36,7,1
2,42,0,0,0,0,0,0,1,5,1
2,48,0,0,0,0,0,0,0,0,2
2,48,0,0,0,0,0,0,0,1,1
2,49,0,0,0,0,0,0,0,0,1
2,5,0,0,0,0,0,0,0,45,1
2,54,0,0,0,0,1,0,0,0,1
2,8,0,0,0,0,0,0,0,40,1
2,9,5,0,0,0,3,0,31,0,1
21,0,0,0,1,0,0,0,29,0,1
21,0,29,0,0,0,0,0,1,0,1
24,0,15,0,0,0,15,0,2,0,1
24,0,18,1,1,0,4,0,2,1,1
24,2,8,9,0,3,2,2,1,0,1
24,8,0,0,0,0,0,5,7,7,1
25,0,15,9,0,0,1,0,1,0,1
25,0,23,2,0,0,1,1,0,0,1
25,4,1,0,0,0,0,0,21,2,1
27,1,0,0,0,0,0,0,24,0,1
28,0,0,0,0,0,0,0,22,0,1
28,0,0,0,0,0,0,0,4,19,1
29,0,1,0,0,0,0,0,15,6,1
29,0,1,0,0,0,0,0,21,0,1
3,0,0,0,0,0,0,0,43,4,1
3,0,0,0,0,0,0,0,49,0,2
3,0,0,0,0,0,0,0,50,0,2
3,0,0,0,0,0,0,0,52,0,1
3,0,0,0,0,1,0,0,46,2,1
3,0,0,0,0,1,0,0,48,0,1
3,0,0,0,0,1,0,0,50,0,1
3,0,0,1,43,2,1,1,0,0,1
3,0,0,42,3,0,2,0,3,0,1
3,0,1,0,0,0,0,0,46,0,1
3,0,1,0,0,0,0,1,46,4,1
3,0,1,47,0,1,0,0,1,0,1
3,0,2,0,0,0,0,0,46,0,1
3,0,2,1,44,0,0,0,0,0,1
3,0,3,0,0,42,0,1,1,0,1
3,0,3,42,1,0,2,0,0,0,1
3,0,32,1,4,9,1,3,0,0,1
3,0,41,0,2,0,2,1,1,0,1
3,0,41,0,6,0,0,0,0,0,1
3,0,48,0,0,0,0,0,0,0,2
3,1,0,0,0,0,0,0,46,0,1
3,1,0,0,0,0,0,0,46,2,1
3,1,0,0,0,2,0,0,44,1,1
3,1,1,0,0,0,0,39,7,0,1
30,1,0,0,0,0,0,0,19,0,1
30,16,0,0,0,0,0,0,2,3,1
31,0,1,0,0,0,0,0,21,0,1
31,0,1,1,0,0,0,0,17,0,1
31,0,5,9,0,0,3,1,1,0,1
32,0,1,0,0,0,0,2,11,4,1
33,0,0,0,0,0,0,0,18,0,1
33,0,0,0,0,0,0,0,20,0,1
33,0,17,1,0,1,0,0,0,0,1
33,0,5,0,1,0,0,0,13,0,1
33,1,16,0,0,0,0,0,1,0,1
33,3,0,0,0,1,9,0,4,1,1
33,3,2,0,0,1,0,1,7,3,1
34,0,4,0,0,0,0,0,14,0,1
34,1,0,0,0,0,0,0,15,0,1
34,1,9,1,0,0,0,1,4,0,1
35,0,15,0,0,0,0,0,2,0,1
35,0,4,0,1,1,8,1,1,0,1
35,0,6,4,3,1,0,1,1,0,1
36,0,0,1,0,0,0,0,18,0,1
36,0,13,0,0,0,1,0,1,1,1
36,0,14,0,0,0,1,0,0,0,1
36,0,4,0,1,0,1,0,9,0,1
36,1,8,2,0,0,2,0,1,0,1
36,7,0,1,1,0,0,0,5,3,1
37,0,0,0,0,0,0,0,13,1,1
37,0,0,0,0,0,0,0,14,1,1
37,0,0,0,1,0,0,0,15,0,1
37,2,1,1,0,0,0,0,8,2,1
38,0,4,2,1,3,1,1,2,0,1
38,0,8,0,1,0,1,0,2,1,1
39,0,0,0,0,0,5,0,7,0,1
39,0,0,0,0,1,0,0,10,0,1
39,0,0,2,0,0,0,0,9,0,1
39,0,4,1,0,0,3,0,4,0,1
39,5,0,0,0,0,0,0,0,6,1
39,8,0,0,0,0,0,0,1,4,1
4,0,0,0,0,0,0,0,45,1,1
4,0,0,0,0,0,0,0,47,0,2
4,0,0,0,0,0,0,0,48,0,1
4,0,0,0,0,0,0,0,49,0,1
4,0,0,0,1,0,0,0,45,0,1
4,0,0,1,0,0,0,0,45,1,1
4,0,45,0,0,0,2,0,1,0,1
4,0,46,0,0,0,0,0,0,0,1
4,0,48,0,0,0,0,0,0,0,1
4,1,1,0,0,0,0,0,44,0,1
4,1,1,16,0,6,0,0,11,11,1
4,1,46,0,0,1,0,0,2,0,1
4,2,0,1,0,0,0,0,39,5,1
40,0,0,1,0,1,0,2,7,0,1
40,0,1,0,0,0,8,1,2,0,1
40,0,1,2,0,0,0,0,9,0,1
40,0,7,1,0,0,0,0,3,0,1
40,1,4,0,0,0,1,0,3,1,1
40,1,8,0,0,0,0,0,3,0,1
40,3,0,0,0,0,0,0,7,0,1
40,4,1,0,0,0,0,4,0,1,1
41,0,0,0,0,0,0,0,10,0,1
41,0,2,0,0,0,0,0,7,0,1
41,0,6,0,0,0,0,1,2,1,1
41,0,9,0,0,0,0,0,0,0,1
41,1,0,0,0,0,0,0,6,2,1
41,1,9,0,0,0,0,0,0,0,1
41,2,5,0,0,0,0,1,1,0,1
42,0,0,0,0,0,0,0,10,0,1
42,0,1,1,0,1,6,0,1,0,1
42,0,3,0,0,0,1,0,4,0,1
42,0,7,0,0,0,0,0,1,0,1
43,0,0,0,0,0,0,0,5,3,1
43,0,0,0,0,0,0,0,7,0,1
43,0,0,0,1,0,1,0,4,1,1
43,0,0,3,0,1,4,0,2,0,1
43,0,2,1,0,0,0,0,5,0,1
43,0,3,0,0,0,0,0,5,1,1
43,0,3,0,1,0,1,4,0,0,1
43,0,3,0,1,8,0,0,0,0,1
43,0,4,0,1,0,0,0,2,0,1
43,0,8,0,0,0,0,0,0,0,1
43,1,0,0,0,0,0,0,6,0,1
43,1,0,2,0,0,0,0,5,0,1
43,1,4,1,0,0,0,0,3,0,1
44,0,0,0,1,0,0,0,7,0,1
44,0,2,0,0,0,0,0,4,0,1
44,0,2,0,3,0,1,0,0,0,1
44,0,4,0,0,0,0,0,4,0,1
44,0,5,0,1,0,0,0,0,0,1
44,0,5,1,0,0,0,1,0,0,1
44,1,0,2,1,0,0,0,3,0,1
44,1,1,0,0,0,0,0,6,0,1
44,1,3,1,0,0,1,0,0,0,1
44,1,6,0,0,1,0,0,2,0,1
44,2,0,2,0,0,1,0,1,1,1
44,2,4,1,0,0,0,0,0,0,1
44,3,1,0,1,0,0,0,1,0,1
44,6,0,0,0,0,0,1,1,1,1
45,0,0,0,0,0,0,0,2,5,1
45,0,0,0,0,0,0,0,5,0,1
45,0,0,1,0,0,2,0,4,0,1
45,0,1,0,0,0,0,0,3,1,1
45,0,2,0,0,1,0,1,2,0,1
45,0,2,1,0,0,1,0,1,0,1
45,1,0,0,0,0,0,0,4,0,2
45,1,0,0,1,1,2,0,1,1,1
45,1,1,0,0,0,2,0,1,1,1
45,1,1,1,0,1,1,0,0,0,1
45,1,3,0,1,0,0,0,0,0,1
45,1,4,0,0,0,0,0,0,0,1
45,2,1,0,0,0,0,0,2,0,1
45,2,3,0,0,0,2,0,0,0,1
46,0,0,0,0,0,0,0,3,2,1
46,0,0,0,0,0,0,0,5,0,2
46,0,0,0,0,0,0,0,6,0,1
46,0,0,0,0,0,0,0,6,1,1
46,0,0,1,0,3,0,0,0,1,1
46,0,1,0,0,0,0,0,3,0,1
46,0,1,0,0,0,0,0,5,0,1
46,0,1,0,0,0,2,0,1,0,1
46,0,1,0,1,0,0,1,2,0,1
46,0,2,0,0,0,0,0,3,0,1
46,0,2,0,0,0,0,0,5,0,1
46,0,2,0,0,0,0,1,1,0,1
46,0,2,0,0,1,0,0,1,0,1
46,0,2,2,0,0,0,0,1,0,1
46,0,3,0,0,0,1,0,0,1,1
46,0,3,0,1,0,0,0,0,0,1
46,0,4,0,0,0,0,0,0,0,2
46,0,5,0,0,0,0,0,0,0,1
46,0,5,0,0,0,0,0,0,1,1
46,1,0,0,0,0,0,0,2,1,1
46,1,0,0,0,0,1,0,0,2,1
46,1,0,0,1,0,0,0,2,0,2
46,1,0,1,1,0,0,0,3,0,1
46,1,1,0,0,2,0,0,1,0,1
46,1,2,0,0,0,0,1,1,0,1
46,1,2,0,0,1,0,0,1,0,1
46,2,0,2,0,0,1,0,0,0,1
46,2,2,0,0,0,0,0,0,0,1
47,0,0,0,0,0,0,0,0,3,1
47,0,0,0,0,0,0,0,0,4,1
47,0,0,0,0,0,0,0,1,2,1
47,0,0,0,0,0,0,0,2,1,2
47,0,0,0,0,0,0,0,3,0,3
47,0,0,0,0,0,0,0,3,1,1
47,0,0,0,0,0,0,0,5,2,1
47,0,0,0,0,0,0,2,1,0,1
47,0,0,0,0,0,1,0,2,0,1
47,0,0,0,0,0,1,0,2,1,1
47,0,0,0,0,0,2,1,1,0,1
47,0,0,0,0,2,1,0,0,0,1
47,0,0,0,0,4,2,0,1,0,1
47,0,0,0,1,0,0,0,2,0,1
47,0,0,0,1,0,0,0,3,0,1
47,0,0,1,0,0,1,0,1,0,1
47,0,0,2,1,1,0,0,1,0,1
47,0,1,0,0,0,0,0,1,2,1
47,0,1,0,0,0,0,0,2,0,1
47,0,1,0,0,0,0,0,2,1,1
47,0,1,0,0,0,0,0,3,0,1
47,0,1,0,0,0,1,0,1,0,1
47,0,2,0,0,0,0,0,1,0,1
47,0,2,0,0,0,1,0,2,0,1
47,0,2,0,1,0,0,0,0,0,1
47,0,2,1,0,0,0,0,2,0,1
47,0,3,0,0,0,0,0,1,0,2
47,0,4,0,0,0,0,0,0,0,1
47,1,0,0,0,0,0,0,1,1,1
47,1,0,0,0,0,0,0,2,0,3
47,1,0,0,0,0,0,0,3,0,2
47,1,0,0,0,1,0,0,1,2,1
47,1,0,0,1,0,0,0,1,0,2
47,1,0,1,0,0,0,0,1,0,1
47,1,1,0,0,0,1,0,0,0,1
47,1,1,0,1,0,0,0,3,0,1
47,1,1,1,0,0,0,0,0,0,1
47,1,2,0,0,0,0,0,0,0,1
47,1,2,0,0,0,0,0,1,0,1
47,1,2,0,0,0,0,0,1,1,1
47,1,3,0,0,0,0,0,0,0,1
47,2,0,0,0,0,0,0,0,2,1
47,2,0,0,0,0,0,0,1,0,2
47,2,0,0,0,0,0,0,2,0,1
47,2,0,0,0,0,0,1,0,0,1
47,2,0,0,1,0,0,0,2,0,1
47,2,0,1,0,0,0,0,1,0,1
47,2,1,0,0,0,0,0,0,0,1
47,3,0,0,0,0,0,0,1,0,1
47,3,1,0,0,0,0,0,1,0,1
48,0,0,0,0,0,0,0,1,1,3
48,0,0,0,0,0,0,0,2,0,6
48,0,0,0,0,0,0,0,3,0,2
48,0,0,0,0,0,0,0,3,1,1
48,0,0,0,0,0,1,0,0,1,1
48,0,0,0,0,0,1,0,2,0,2
48,0,0,0,0,1,0,0,1,0,3
48,0,0,0,0,1,0,0,1,4,1
48,0,0,0,1,0,0,0,1,0,2
48,0,0,0,1,0,0,0,2,0,1
48,0,0,0,2,0,0,0,0,0,1
48,0,0,1,0,0,0,0,1,0,2
48,0,0,1,0,0,0,1,0,0,1
48,0,1,0,0,0,0,0,1,0,4
48,0,1,0,0,0,0,0,2,0,1
48,0,1,0,0,0,0,1,1,0,1
48,0,1,0,0,0,0,1,2,0,1
48,0,1,0,0,1,0,0,0,1,1
48,0,1,1,0,0,0,0,0,0,1
48,0,1,1,0,0,0,0,1,0,1
48,0,1,1,0,0,0,1,0,0,1
48,0,2,0,0,0,0,0,0,0,1
48,0,3,0,0,0,0,0,0,0,2
48,0,3,0,0,0,0,0,1,0,1
48,0,3,1,0,0,0,0,0,0,1
48,0,4,0,0,0,0,0,0,0,1
48,1,0,0,0,0,0,0,0,1,3
48,1,0,0,0,0,0,0,1,0,6
48,1,0,0,0,0,0,0,1,1,2
48,1,0,0,0,0,0,0,2,0,3
48,1,0,0,0,0,0,0,3,0,2
48,1,0,1,0,0,0,0,0,0,1
48,1,0,1,0,0,0,0,1,0,1
48,1,0,1,0,0,0,0,1,1,1
48,1,0,1,1,1,0,0,1,1,1
48,1,1,0,0,0,0,0,0,0,4
48,1,1,0,0,0,0,0,1,0,5
48,1,1,0,0,0,0,1,1,0,1
48,1,1,0,1,0,0,0,0,0,1
48,1,2,1,0,0,0,0,0,0,1
48,1,3,0,0,0,0,0,0,0,1
48,2,0,0,0,0,0,0,0,0,8
48,2,0,0,0,0,0,0,0,1,1
48,2,0,0,0,0,0,0,1,0,2
48,2,0,0,0,0,1,0,1,0,1
48,2,0,1,0,0,0,0,0,0,1
48,3,0,0,0,0,0,0,0,0,1
48,3,0,0,1,0,0,0,0,0,1
48,3,1,0,0,0,0,0,0,0,1
49,0,0,0,0,0,0,0,0,1,6
49,0,0,0,0,0,0,0,0,3,1
49,0,0,0,0,0,0,0,1,0,24
49,0,0,0,0,0,0,0,1,1,3
49,0,0,0,0,0,0,0,1,2,1
49,0,0,0,0,0,0,0,2,0,6
49,0,0,0,0,0,0,0,3,0,3
49,0,0,0,0,0,0,1,0,0,2
49,0,0,0,0,0,0,1,1,0,2
49,0,0,0,0,0,1,0,0,0,5
49,0,0,0,0,0,1,0,1,0,1
49,0,0,0,0,0,1,0,3,0,1
49,0,0,0,0,0,2,0,0,0,1
49,0,0,0,0,1,0,0,0,0,3
49,0,0,0,0,1,0,0,1,0,1
49,0,0,0,1,0,0,0,0,0,3
49,0,0,0,1,0,0,0,1,0,3
49,0,0,0,1,0,1,0,0,0,1
49,0,0,1,0,0,0,0,0,0,3
49,0,0,1,0,0,0,0,1,0,4
49,0,0,1,0,0,0,0,1,2,1
49,0,0,2,0,0,0,0,0,0,1
49,0,1,0,0,0,0,0,0,0,11
49,0,1,0,0,0,0,0,0,1,1
49,0,1,0,0,0,0,0,1,0,3
49,0,1,0,0,0,0,1,0,0,2
49,0,2,0,0,0,0,0,0,0,3
49,0,2,0,0,0,0,0,1,0,2
49,0,2,0,0,1,0,0,0,0,1
49,0,3,0,0,0,0,0,0,0,1
49,0,3,0,1,0,0,0,0,0,1
49,1,0,0,0,0,0,0,0,0,22
49,1,0,0,0,0,0,0,0,1,1
49,1,0,0,0,0,0,0,1,0,8
49,1,0,0,0,0,0,0,1,1,1
49,1,0,0,0,0,0,0,2,0,2
49,1,0,0,0,0,0,0,2,1,2
49,1,0,0,0,0,0,1,0,0,2
49,1,0,0,0,0,1,0,0,0,3
49,1,0,0,0,0,1,0,5,0,1
49,1,0,0,0,0,2,0,0,0,1
49,1,0,0,0,1,0,0,0,0,1
49,1,0,0,1,0,0,0,0,0,2
49,1,0,0,1,0,0,0,0,1,1
49,1,0,1,0,0,0,0,0,0,1
49,1,1,0,0,0,0,0,0,0,6
49,1,1,0,0,0,0,0,1,0,1
49,1,1,0,0,0,1,0,0,1,1
49,1,2,0,0,0,0,1,0,0,1
49,2,0,0,0,0,0,0,0,0,6
49,2,0,0,0,0,0,0,1,0,1
49,2,0,0,1,0,0,0,0,0,1
5,0,0,0,0,0,0,0,45,0,1
5,0,0,0,0,0,0,0,46,0,1
5,0,0,0,0,0,0,0,48,0,1
5,0,2,0,1,0,0,0,44,0,1
5,0,46,0,0,0,0,0,0,0,1
5,2,3,2,0,1,8,1,29,0,1
50,0,0,0,0,0,0,0,0,0,66
50,0,0,0,0,0,0,0,0,1,6
50,0,0,0,0,0,0,0,1,0,31
50,0,0,0,0,0,0,0,1,1,3
50,0,0,0,0,0,0,0,2,0,7
50,0,0,0,0,0,0,0,3,0,2
50,0,0,0,0,0,0,1,0,0,3
50,0,0,0,0,0,0,1,0,1,1
50,0,0,0,0,0,0,1,1,0,1
50,0,0,0,0,0,1,0,0,0,2
50,0,0,0,0,1,0,0,0,0,1
50,0,0,0,0,1,0,0,1,0,1
50,0,0,0,1,0,0,0,0,0,4
50,0,0,0,1,0,0,0,1,1,1
50,0,0,1,0,0,0,0,0,0,1
50,0,1,0,0,0,0,0,0,0,16
50,0,1,0,0,0,0,0,1,0,2
50,0,1,0,0,0,1,0,0,0,1
50,0,1,0,0,1,0,0,0,0,1
50,0,1,1,0,0,0,0,0,0,2
50,0,1,1,0,0,0,0,1,0,1
50,0,1,1,0,0,1,0,0,0,1
50,0,3,0,0,0,0,0,0,0,1
50,1,0,0,0,0,0,0,0,0,26
50,1,0,0,0,0,0,0,0,1,1
50,1,0,0,0,0,0,0,1,0,12
50,1,0,0,0,0,0,1,0,0,1
50,1,0,0,0,0,1,0,0,0,1
50,1,0,0,0,1,0,0,0,0,1
50,1,0,0,1,0,0,0,0,0,2
50,1,0,1,0,0,0,0,0,0,1
50,1,1,0,0,0,0,0,0,0,4
50,1,2,0,0,0,0,0,1,0,1
50,1,2,0,0,0,1,0,0,0,1
50,2,0,0,0,0,0,0,0,0,7
50,2,0,0,0,0,0,0,0,1,1
50,2,0,0,0,0,0,0,1,0,1
50,2,0,2,0,0,0,0,0,0,1
50,2,1,0,0,0,0,0,0,0,1
51,0,0,0,0,0,0,0,0,0,92
51,0,0,0,0,0,0,0,0,1,2
51,0,0,0,0,0,0,0,1,0,24
51,0,0,0,0,0,0,0,1,2,1
51,0,0,0,0,0,0,0,2,0,3
51,0,0,0,0,0,0,1,0,0,3
51,0,0,0,0,0,0,1,0,1,1
51,0,0,0,0,0,1,0,0,1,1
51,0,0,0,0,0,1,0,1,1,1
51,0,0,0,0,0,1,0,2,0,1
51,0,0,0,0,1,0,0,0,0,3
51,0,0,0,1,0,0,0,0,0,2
51,0,0,1,0,0,0,0,0,0,1
51,0,0,1,0,0,0,0,1,0,1
51,0,0,1,0,0,0,1,0,0,1
51,0,1,0,0,0,0,0,0,0,4
51,0,1,0,0,0,0,0,1,1,1
51,0,1,0,0,0,1,0,0,0,1
51,0,1,0,0,0,1,0,1,0,1
51,0,2,0,0,0,0,0,0,0,2
51,1,0,0,0,0,0,0,0,0,16
51,1,0,0,0,0,0,0,1,0,3
51,1,0,0,0,1,0,0,0,0,2
52,0,0,0,0,0,0,0,0,0,62
52,0,0,0,0,0,0,0,0,1,2
52,0,0,0,0,0,0,0,1,0,7
52,0,0,0,0,0,0,0,2,0,1
52,0,0,0,0,0,0,1,0,0,1
52,0,0,0,0,0,1,0,0,0,1
52,0,0,0,0,1,0,0,0,0,2
52,0,0,0,1,0,0,0,0,0,1
52,0,0,1,0,0,0,0,0,0,2
52,0,1,0,0,0,0,0,0,0,2
52,1,0,0,0,0,0,0,0,0,6
52,1,0,0,0,0,0,1,0,0,1
52,1,0,0,0,0,0,1,1,0,1
52,1,1,0,0,0,0,0,0,0,1
53,0,0,0,0,0,0,0,0,0,24
53,0,0,0,0,0,0,0,0,1,1
53,0,0,0,0,0,0,0,1,0,1
53,0,0,0,1,0,0,0,0,0,1
53,0,1,0,0,0,0,0,0,0,3
53,0,1,0,0,0,0,0,1,2,1
53,1,0,0,0,0,0,0,0,0,3
53,2,0,0,0,0,0,0,0,0,1
53,2,0,0,0,0,0,0,1,0,1
54,0,0,0,0,0,0,0,0,0,13
54,0,0,0,0,0,0,0,1,0,1
54,0,0,0,0,1,0,0,0,0,1
54,0,0,1,0,0,0,1,0,1,1
54,1,0,0,0,0,0,0,0,0,1
54,1,0,0,0,0,0,0,2,0,1
54,2,0,0,0,0,0,0,1,0,1
55,0,0,0,0,0,0,0,0,0,3
55,0,0,0,0,0,0,0,1,1,1
55,0,0,0,0,0,0,1,1,0,1
55,1,1,0,0,0,0,0,0,0,1
56,0,0,0,0,0,0,0,1,0,1
56,0,0,0,0,0,1,0,0,0,1
56,0,2,0,0,0,0,0,0,0,1
56,1,0,0,0,0,0,0,2,0,1
56,1,1,0,0,0,0,0,0,0,1
56,2,0,0,0,0,0,0,1,0,1
57,0,0,0,0,0,0,0,0,0,1
57,0,0,0,0,0,0,0,2,0,1
58,0,0,0,0,0,0,0,1,0,1
58,1,0,0,0,0,0,0,0,0,1
6,0,43,0,0,0,1,0,1,1,1
6,1,2,1,3,1,1,3,1,32,1
6,1,40,0,2,1,0,0,0,1,1
6,39,1,0,0,0,0,1,2,1,1
7,0,1,1,0,0,0,41,0,2,1
7,0,2,1,0,1,1,35,4,0,1
8,0,41,1,0,0,0,0,0,0,1
8,0,44,0,1,0,0,0,1,0,1
8,0,5,38,0,1,0,0,0,0,1
